1;OSNOVNA ŠKOLA JOSIPA ZORIĆA;ZAGREBAČKA
2;OSNOVNA ŠKOLA IVAN BENKOVIĆ;ZAGREBAČKA
3;OSNOVNA ŠKOLA ĐURE DEŽELIĆA IVANIĆ GRAD;ZAGREBAČKA
4;OSNOVNA ŠKOLA STJEPANA BASARIČEKA;ZAGREBAČKA
5;OSNOVNA ŠKOLA JOSIPA BADALIĆA GRABERJE IVANIĆKO;ZAGREBAČKA
6;OSNOVNA ŠKOLA POSAVSKI BREGI;ZAGREBAČKA
7;OSNOVNA ŠKOLA LJUBO BABIĆ;ZAGREBAČKA
8;OSNOVNA ŠKOLA BOGUMILA TONIJA;ZAGREBAČKA
9;OSNOVNA ŠKOLA MIHAELA ŠILOBODA;ZAGREBAČKA
10;OSNOVNA ŠKOLA SAMOBOR;ZAGREBAČKA
11;OSNOVNA ŠKOLA MILANA LANGA;ZAGREBAČKA
12;OSNOVNA ŠKOLA RUDE;ZAGREBAČKA
13;GLAZBENA ŠKOLA FERDO LIVADIĆ;ZAGREBAČKA
14;OSNOVNA ŠKOLA EUGENA KVATERNIKA;ZAGREBAČKA
15;OSNOVNA ŠKOLA JURJA HABDELIĆA;ZAGREBAČKA
16;OSNOVNA ŠKOLA VUKOVINA;ZAGREBAČKA
17;OSNOVNA ŠKOLA NIKOLE HRIBARA;ZAGREBAČKA
18;OSNOVNA ŠKOLA EUGENA KUMIČIĆA;ZAGREBAČKA
19;OSNOVNA ŠKOLA VELIKA MLAKA;ZAGREBAČKA
20;OSNOVNA ŠKOLA ŠĆITARJEVO;ZAGREBAČKA
21;I. OSNOVNA ŠKOLA VRBOVEC;ZAGREBAČKA
22;II. OSNOVNA ŠKOLA VRBOVEC;ZAGREBAČKA
23;OSNOVNA ŠKOLA ANTUNA AUGUSTINČIĆA;ZAGREBAČKA
24;OSNOVNA ŠKOLA LJUDEVITA GAJA;ZAGREBAČKA
25;OSNOVNA ŠKOLA KUPLJENOVO;ZAGREBAČKA
26;OSNOVNA ŠKOLA DRAGUTINA DOMJANIĆA;ZAGREBAČKA
27;OSNOVNA ŠKOLA KSAVERA ŠANDORA ĐALSKOG;ZAGREBAČKA
28;OSNOVNA ŠKOLA IVANA PERKOVCA;ZAGREBAČKA
29;OSNOVNA ŠKOLA IVANE BRLIĆ-MAŽURANIĆ;ZAGREBAČKA
30;OSNOVNA ŠKOLA PAVAO BELAS;ZAGREBAČKA
31;OSNOVNA ŠKOLA RUGVICA;ZAGREBAČKA
32;OSNOVNA ŠKOLA STJEPAN RADIĆ;ZAGREBAČKA
33;OSNOVNA ŠKOLA PUŠĆA;ZAGREBAČKA
34;OSNOVNA ŠKOLA SVETA NEDELJA;ZAGREBAČKA
35;OSNOVNA ŠKOLA KLINČA SELA;ZAGREBAČKA
36;OSNOVNA ŠKOLA VLADIMIR NAZOR;ZAGREBAČKA
37;OSNOVNA ŠKOLA KARDINAL ALOJZIJE STEPINAC;ZAGREBAČKA
38;OSNOVNA ŠKOLA GRADEC;ZAGREBAČKA
39;OSNOVNA ŠKOLA DUBRAVA;ZAGREBAČKA
40;OSNOVNA ŠKOLA JAKOVLJE;ZAGREBAČKA
41;OSNOVNA ŠKOLA BRAĆE RADIĆA;ZAGREBAČKA
42;OSNOVNA ŠKOLA MILKE TRNINE;ZAGREBAČKA
43;OSNOVNA ŠKOLA ANTE KOVAČIĆA;ZAGREBAČKA
44;OSNOVNA ŠKOLA POKUPSKO;ZAGREBAČKA
45;OSNOVNA ŠKOLA SLAVKA KOLARA;ZAGREBAČKA
46;OSNOVNA ŠKOLA BISTRA;ZAGREBAČKA
47;OSNOVNA ŠKOLA LUKA;ZAGREBAČKA
48;OSNOVNA ŠKOLA BEDENICA;ZAGREBAČKA
49;OSNOVNA ŠKOLA DONJA STUBICA;KRAPINSKO-ZAGORSKA
50;OSNOVNA ŠKOLA STUBIČKE TOPLICE;KRAPINSKO-ZAGORSKA
51;OSNOVNA ŠKOLA ANTUNA MIHANOVIĆA;KRAPINSKO-ZAGORSKA
52;OSNOVNA ŠKOLA AUGUSTA CESARCA, KRAPINA;KRAPINSKO-ZAGORSKA
53;OSNOVNA ŠKOLA LJUDEVIT GAJ U KRAPINI;KRAPINSKO-ZAGORSKA
54;OSNOVNA ŠKOLA KSAVERA ŠANDORA GJALSKOG;KRAPINSKO-ZAGORSKA
55;OSNOVNA ŠKOLA ZLATAR BISTRICA;KRAPINSKO-ZAGORSKA
56;OSNOVNA ŠKOLA JANKA LESKOVARA;KRAPINSKO-ZAGORSKA
57;OSNOVNA ŠKOLA BEDEKOVČINA;KRAPINSKO-ZAGORSKA
58;OSNOVNA ŠKOLA STJEPANA RADIĆA BRESTOVEC OREHOVIČKI;KRAPINSKO-ZAGORSKA
59;OSNOVNA ŠKOLA VLADIMIR NAZOR BUDINŠĆINA;KRAPINSKO-ZAGORSKA
60;OSNOVNA ŠKOLA ĐURE PREJCA DESINIĆ;KRAPINSKO-ZAGORSKA
61;OSNOVNA ŠKOLA ĐURMANEC;KRAPINSKO-ZAGORSKA
62;OSNOVNA ŠKOLA MATIJE GUPCA;KRAPINSKO-ZAGORSKA
63;OSNOVNA ŠKOLA VIKTORA KOVAČIĆA;KRAPINSKO-ZAGORSKA
64;OSNOVNA ŠKOLA PAVLA ŠTOOSA;KRAPINSKO-ZAGORSKA
65;OSNOVNA ŠKOLA LIJEPA NAŠA;KRAPINSKO-ZAGORSKA
66;OSNOVNA ŠKOLA KONJŠČINA;KRAPINSKO-ZAGORSKA
67;OSNOVNA ŠKOLA KRAPINSKE TOPLICE;KRAPINSKO-ZAGORSKA
68;OSNOVNA ŠKOLA PRI SPECIJALNOJ BOLNICI ZA MEDICINSKU REHABILITACIJU KRAPINSKE TOPLICE;KRAPINSKO-ZAGORSKA
69;OSNOVNA ŠKOLA FRANJE HORVATA KIŠA;KRAPINSKO-ZAGORSKA
70;OSNOVNA ŠKOLA MAČE;KRAPINSKO-ZAGORSKA
71;OSNOVNA ŠKOLA MARIJA BISTRICA;KRAPINSKO-ZAGORSKA
72;OSNOVNA ŠKOLA LJUDEVIT GAJ MIHOVLJAN;KRAPINSKO-ZAGORSKA
73;OSNOVNA ŠKOLA OROSLAVJE;KRAPINSKO-ZAGORSKA
74;OSNOVNA ŠKOLA ANTUNA MIHANOVIĆA PETROVSKO;KRAPINSKO-ZAGORSKA
75;OSNOVNA ŠKOLA SIDE KOŠUTIĆ RADOBOJ;KRAPINSKO-ZAGORSKA
76;OSNOVNA ŠKOLA SVETI KRIŽ ZAČRETJE;KRAPINSKO-ZAGORSKA
77;OSNOVNA ŠKOLA VELIKO TRGOVIŠĆE;KRAPINSKO-ZAGORSKA
78;OSNOVNA ŠKOLA ANTE KOVAČIĆA;KRAPINSKO-ZAGORSKA
79;OSNOVNA ŠKOLA BELEC;KRAPINSKO-ZAGORSKA
80;OSNOVNA ŠKOLA GORNJE JESENJE;KRAPINSKO-ZAGORSKA
81;OSNOVNA ŠKOLA JOSIPA BROZA;KRAPINSKO-ZAGORSKA
82;OSNOVNA ŠKOLA DVOR;SISAČKO-MOSLAVAČKA
83;OSNOVNA ŠKOLA GLINA;SISAČKO-MOSLAVAČKA
84;OSNOVNA ŠKOLA DAVORINA TRSTENJAKA;SISAČKO-MOSLAVAČKA
85;OSNOVNA ŠKOLA BANOVA JARUGA;SISAČKO-MOSLAVAČKA
86;OSNOVNA ŠKOLA MATE LOVRAKA;SISAČKO-MOSLAVAČKA
87;OSNOVNA ŠKOLA VLADIMIRA VIDRIĆA;SISAČKO-MOSLAVAČKA
88;OSNOVNA ŠKOLA STJEPANA KEFELJE;SISAČKO-MOSLAVAČKA
89;OSNOVNA ŠKOLA ZVONIMIRA FRANKA;SISAČKO-MOSLAVAČKA
90;OSNOVNA ŠKOLA NOVSKA;SISAČKO-MOSLAVAČKA
91;OSNOVNA ŠKOLA RAJIĆ;SISAČKO-MOSLAVAČKA
92;I. OSNOVNA ŠKOLA PETRINJA;SISAČKO-MOSLAVAČKA
93;OSNOVNA ŠKOLA MATE LOVRAKA PETRINJA;SISAČKO-MOSLAVAČKA
94;OSNOVNA ŠKOLA DRAGUTINA TADIJANOVIĆA PETRINJA;SISAČKO-MOSLAVAČKA
95;OSNOVNA ŠKOLA IVAN GORAN KOVAČIĆ;SISAČKO-MOSLAVAČKA
96;OSNOVNA ŠKOLA IVANA KUKULJEVIĆA SISAK;SISAČKO-MOSLAVAČKA
97;OSNOVNA ŠKOLA 22. LIPNJA;SISAČKO-MOSLAVAČKA
98;OSNOVNA ŠKOLA BRAĆA BOBETKO SISAK;SISAČKO-MOSLAVAČKA
99;OSNOVNA ŠKOLA BRAĆA RIBAR;SISAČKO-MOSLAVAČKA
100;OSNOVNA ŠKOLA VIKTOROVAC;SISAČKO-MOSLAVAČKA
101;OSNOVNA ŠKOLA GALDOVO;SISAČKO-MOSLAVAČKA
102;OSNOVNA ŠKOLA SELA;SISAČKO-MOSLAVAČKA
103;OSNOVNA ŠKOLA BUDAŠEVO-TOPOLOVAC-GUŠĆE;SISAČKO-MOSLAVAČKA
104;OSNOVNA ŠKOLA KOMAREVO;SISAČKO-MOSLAVAČKA
105;OSNOVNA ŠKOLA GVOZD;SISAČKO-MOSLAVAČKA
106;OSNOVNA ŠKOLA JOSIPA KOZARCA;SISAČKO-MOSLAVAČKA
107;OSNOVNA ŠKOLA MLADOST;SISAČKO-MOSLAVAČKA
108;OSNOVNA ŠKOLA BRAĆA RADIĆ;SISAČKO-MOSLAVAČKA
109;OSNOVNA ŠKOLA JASENOVAC;SISAČKO-MOSLAVAČKA
110;OSNOVNA ŠKOLA JABUKOVAC;SISAČKO-MOSLAVAČKA
111;OSNOVNA ŠKOLA POPOVAČA;SISAČKO-MOSLAVAČKA
112;OSNOVNA ŠKOLA LUDINA;SISAČKO-MOSLAVAČKA
113;OSNOVNA ŠKOLA SUNJA;SISAČKO-MOSLAVAČKA
114;OSNOVNA ŠKOLA VLADIMIR NAZOR TOPUSKO;SISAČKO-MOSLAVAČKA
115;OSNOVNA ŠKOLA KATARINA ZRINSKA MEČENČANI;SISAČKO-MOSLAVAČKA
116;OSNOVNA ŠKOLA IVO KOZARČANIN;SISAČKO-MOSLAVAČKA
117;OSNOVNA ŠKOLA VLADIMIR NAZOR;KARLOVAČKA
118;OSNOVNA ŠKOLA IVAN GORAN KOVAČIĆ;KARLOVAČKA
119;OSNOVNA ŠKOLA BANIJA;KARLOVAČKA
120;OSNOVNA ŠKOLA REČICA;KARLOVAČKA
121;OSNOVNA ŠKOLA ŠVARČA;KARLOVAČKA
122;OSNOVNA ŠKOLA GRABRIK;KARLOVAČKA
123;OSNOVNA ŠKOLA DUBOVAC;KARLOVAČKA
124;OSNOVNA ŠKOLA TURANJ;KARLOVAČKA
125;OSNOVNA ŠKOLA MAHIČNO;KARLOVAČKA
126;OSNOVNA ŠKOLA DRAGOJLE JARNEVIĆ;KARLOVAČKA
127;CENTAR ZA ODGOJ I OBRAZOVANJE DJECE I MLADEŽI;KARLOVAČKA
128;OSNOVNA ŠKOLA BRAĆA SELJAN;KARLOVAČKA
129;OSNOVNA ŠKOLA SKAKAVAC;KARLOVAČKA
130;PRVA OSNOVNA ŠKOLA;KARLOVAČKA
131;OSNOVNA ŠKOLA IVANE BRLIĆ - MAŽURANIĆ OGULIN;KARLOVAČKA
132;OSNOVNA ŠKOLA SLAVA RAŠKAJ;KARLOVAČKA
133;OSNOVNA ŠKOLA SLUNJ;KARLOVAČKA
134;OSNOVNA ŠKOLA VOJNIĆ;KARLOVAČKA
135;OSNOVNA ŠKOLA ˝ANTUN KLASINC˝ LASINJA;KARLOVAČKA
136;OSNOVNA ŠKOLA BARILOVIĆ;KARLOVAČKA
137;OSNOVNA ŠKOLA CETINGRAD;KARLOVAČKA
138;OSNOVNA ŠKOLA DRAGANIĆI;KARLOVAČKA
139;OSNOVNA ŠKOLA GENERALSKI STOL;KARLOVAČKA
140;OSNOVNA ŠKOLA KATARINE ZRINSKI;KARLOVAČKA
141;OSNOVNA ŠKOLA NETRETIĆ;KARLOVAČKA
142;OSNOVNA ŠKOLA JOSIPDOL;KARLOVAČKA
143;OSNOVNA ŠKOLA PLAŠKI;KARLOVAČKA
144;OSNOVNA ŠKOLA EUGENA KVATERNIKA;KARLOVAČKA
145;OSNOVNA ŠKOLA ŽAKANJE;KARLOVAČKA
146;OSNOVNA ŠKOLA IVANA KUKULJEVIĆA SAKCINSKOG;VARAŽDINSKA
147;OSNOVNA ŠKOLA METEL OŽEGOVIĆ;VARAŽDINSKA
148;OSNOVNA ŠKOLA LUDBREG;VARAŽDINSKA
149;OSNOVNA ŠKOLA NOVI MAROF;VARAŽDINSKA
150;OSNOVNA ŠKOLA PODRUTE;VARAŽDINSKA
151;I. OSNOVNA ŠKOLA VARAŽDIN;VARAŽDINSKA
152;II. OSNOVNA ŠKOLA VARAŽDIN;VARAŽDINSKA
153;III. OSNOVNA ŠKOLA VARAŽDIN;VARAŽDINSKA
154;IV. OSNOVNA ŠKOLA VARAŽDIN;VARAŽDINSKA
155;V. OSNOVNA ŠKOLA VARAŽDIN;VARAŽDINSKA
156;VI. OSNOVNA ŠKOLA VARAŽDIN;VARAŽDINSKA
157;CENTAR ZA ODGOJ I OBRAZOVANJE TOMISLAV ŠPOLJAR;VARAŽDINSKA
158;VII. OSNOVNA ŠKOLA VARAŽDIN;VARAŽDINSKA
159;GLAZBENA ŠKOLA U VARAŽDINU;VARAŽDINSKA
160;OSNOVNA ŠKOLA CESTICA;VARAŽDINSKA
161;OSNOVNA ŠKOLA KNEGINEC GORNJI;VARAŽDINSKA
162;OSNOVNA ŠKOLA PETAR ZRINSKI;VARAŽDINSKA
163;OSNOVNA ŠKOLA VIDOVEC;VARAŽDINSKA
164;OSNOVNA ŠKOLA PETRIJANEC;VARAŽDINSKA
165;OSNOVNA ŠKOLA VLADIMIR NAZOR;VARAŽDINSKA
166;OSNOVNA ŠKOLA BELETINEC;VARAŽDINSKA
167;OSNOVNA ŠKOLA TRNOVEC;VARAŽDINSKA
168;OSNOVNA ŠKOLA ŠEMOVEC;VARAŽDINSKA
169;OSNOVNA ŠKOLA VINICA;VARAŽDINSKA
170;OSNOVNA ŠKOLA SRAČINEC;VARAŽDINSKA
171;OSNOVNA ŠKOLA FRANJE SERTA BEDNJA;VARAŽDINSKA
172;OSNOVNA ŠKOLA GUSTAV KRKLEC MARUŠEVEC;VARAŽDINSKA
173;OSNOVNA ŠKOLA GROFA JANKA DRAŠKOVIĆA;VARAŽDINSKA
174;OSNOVNA ŠKOLA ANDRIJE KAČIĆA MIOŠIĆA;VARAŽDINSKA
175;OSNOVNA ŠKOLA ANTE STARČEVIĆA;VARAŽDINSKA
176;OSNOVNA ŠKOLA IVANA RANGERA, KAMENICA;VARAŽDINSKA
177;OSNOVNA ŠKOLA IZIDORA POLJAKA, VIŠNJICA;VARAŽDINSKA
178;OSNOVNA ŠKOLA MARTIJANEC;VARAŽDINSKA
179;OSNOVNA ŠKOLA SVETI ĐURĐ;VARAŽDINSKA
180;OSNOVNA ŠKOLA VELIKI BUKOVEC;VARAŽDINSKA
181;OSNOVNA ŠKOLA ANTUNA I IVANA KUKULJEVIĆA;VARAŽDINSKA
182;OSNOVNA ŠKOLA SVIBOVEC;VARAŽDINSKA
183;OSNOVNA ŠKOLA BREZNIČKI HUM;VARAŽDINSKA
184;OSNOVNA ŠKOLA LJUBEŠĆICA;VARAŽDINSKA
185;OSNOVNA ŠKOLA BISAG;VARAŽDINSKA
186;OSNOVNA ŠKOLA VISOKO;VARAŽDINSKA
187;OSNOVNA ŠKOLA TUŽNO;VARAŽDINSKA
188;OSNOVNA ŠKOLA GRGURA KARLOVČANA;KOPRIVNIČKO-KRIŽEVAČKA
189;OSNOVNA ŠKOLA ANTUN NEMČIĆ GOSTOVINSKI;KOPRIVNIČKO-KRIŽEVAČKA
190;OSNOVNA ŠKOLA BRAĆA RADIĆ;KOPRIVNIČKO-KRIŽEVAČKA
191;OSNOVNA ŠKOLA ĐURO ESTER;KOPRIVNIČKO-KRIŽEVAČKA
192;CENTAR ZA ODGOJ, OBRAZOVANJE I REHABILITACIJU PODRAVSKO SUNCE;KOPRIVNIČKO-KRIŽEVAČKA
193;OSNOVNA ŠKOLA LJUDEVITA MODECA KRIŽEVCI;KOPRIVNIČKO-KRIŽEVAČKA
194;OSNOVNA ŠKOLA VLADIMIR NAZOR KRIŽEVCI;KOPRIVNIČKO-KRIŽEVAČKA
195;CENTAR ZA ODGOJ, OBRAZOVANJE I REHABILITACIJU KRIŽEVCI;KOPRIVNIČKO-KRIŽEVAČKA
196;OSNOVNA ŠKOLA KOPRIVNIČKI BREGI;KOPRIVNIČKO-KRIŽEVAČKA
197;OSNOVNA ŠKOLA FRAN KONCELAK DRNJE;KOPRIVNIČKO-KRIŽEVAČKA
198;OSNOVNA ŠKOLA GOLA;KOPRIVNIČKO-KRIŽEVAČKA
199;OSNOVNA ŠKOLA LEGRAD;KOPRIVNIČKO-KRIŽEVAČKA
200;OSNOVNA ŠKOLA MIHOVIL PAVLEK MIŠKINA ĐELEKOVEC;KOPRIVNIČKO-KRIŽEVAČKA
201;OSNOVNA ŠKOLA PROF.BLAŽ MAĐER, NOVIGRAD PODRAVSKI;KOPRIVNIČKO-KRIŽEVAČKA
202;OSNOVNA ŠKOLA ANDRIJE PALMOVIĆA;KOPRIVNIČKO-KRIŽEVAČKA
203;OSNOVNA ŠKOLA SOKOLOVAC;KOPRIVNIČKO-KRIŽEVAČKA
204;OSNOVNA ŠKOLA SVETI PETAR OREHOVEC;KOPRIVNIČKO-KRIŽEVAČKA
205;OSNOVNA ŠKOLA SIDONIJE RUBIDO ERDODY;KOPRIVNIČKO-KRIŽEVAČKA
206;OSNOVNA ŠKOLA KLOŠTAR PODRAVSKI;KOPRIVNIČKO-KRIŽEVAČKA
207;OSNOVNA ŠKOLA GRIGOR VITEZ;KOPRIVNIČKO-KRIŽEVAČKA
208;OSNOVNA ŠKOLA MOLVE;KOPRIVNIČKO-KRIŽEVAČKA
209;OSNOVNA ŠKOLA FERDINANDOVAC;KOPRIVNIČKO-KRIŽEVAČKA
210;OSNOVNA ŠKOLA PROF. FRANJE VIKTORA ŠIGNJARA;KOPRIVNIČKO-KRIŽEVAČKA
211;OSNOVNA ŠKOLA IVAN LACKOVIĆ CROATA KALINOVAC;KOPRIVNIČKO-KRIŽEVAČKA
212;OSNOVNA ŠKOLA KALNIK;KOPRIVNIČKO-KRIŽEVAČKA
213;I. OSNOVNA ŠKOLA BJELOVAR;BJELOVARSKO-BILOGORSKA
214;II. OSNOVNA ŠKOLA BJELOVAR;BJELOVARSKO-BILOGORSKA
215;III. OSNOVNA ŠKOLA BJELOVAR;BJELOVARSKO-BILOGORSKA
216;IV. OSNOVNA ŠKOLA BJELOVAR;BJELOVARSKO-BILOGORSKA
217;V OSNOVNA ŠKOLA;BJELOVARSKO-BILOGORSKA
218;OSNOVNA ŠKOLA ČAZMA;BJELOVARSKO-BILOGORSKA
219;OSNOVNA ŠKOLA VLADIMIRA NAZORA;BJELOVARSKO-BILOGORSKA
220;ČEŠKA OSNOVNA ŠKOLA JANA AMOSA KOMENSKOG - ČESKÁ ZÁKLADNÍ ŠKOLA JANA AMOSE KOMENSKÉHO;BJELOVARSKO-BILOGORSKA
221;CENTAR ZA ODGOJ I OBRAZOVANJE RUDOLF STEINER DARUVAR;BJELOVARSKO-BILOGORSKA
222;GLAZBENA ŠKOLA BRUNE BJELINSKOG DARUVAR;BJELOVARSKO-BILOGORSKA
223;OSNOVNA ŠKOLA GAREŠNICA;BJELOVARSKO-BILOGORSKA
224;OSNOVNA ŠKOLA TRNOVITIČKI POPOVAC;BJELOVARSKO-BILOGORSKA
225;OSNOVNA ŠKOLA IVANA NEPOMUKA JEMERŠIĆA;BJELOVARSKO-BILOGORSKA
226;OSNOVNA ŠKOLA MIRKA PEREŠA;BJELOVARSKO-BILOGORSKA
227;OSNOVNA ŠKOLA VELIKO TROJSTVO;BJELOVARSKO-BILOGORSKA
228;OSNOVNA ŠKOLA NOVA RAČA;BJELOVARSKO-BILOGORSKA
229;OSNOVNA ŠKOLA VELIKA PISANICA;BJELOVARSKO-BILOGORSKA
230;ČEŠKA OSNOVNA ŠKOLA JOSIPA RUŽIČKE KONČANICA-ČESKÁ ZÁKLADNÍ ŠKOLA JOSEFA RŮŽIČKY KONČENICE;BJELOVARSKO-BILOGORSKA
231;OSNOVNA ŠKOLA DEŽANOVAC;BJELOVARSKO-BILOGORSKA
232;OSNOVNA ŠKOLA SIRAČ;BJELOVARSKO-BILOGORSKA
233;OSNOVNA ŠKOLA U ĐULOVCU;BJELOVARSKO-BILOGORSKA
234;OSNOVNA ŠKOLA IVANSKA;BJELOVARSKO-BILOGORSKA
235;OSNOVNA ŠKOLA ŠTEFANJE;BJELOVARSKO-BILOGORSKA
236;OSNOVNA ŠKOLA MATE LOVRAKA;BJELOVARSKO-BILOGORSKA
237;OSNOVNA ŠKOLA BEREK;BJELOVARSKO-BILOGORSKA
238;OSNOVNA ŠKOLA SLAVKA KOLARA;BJELOVARSKO-BILOGORSKA
239;OSNOVNA ŠKOLA ROVIŠĆE;BJELOVARSKO-BILOGORSKA
240;OSNOVNA ŠKOLA TRNOVITICA;BJELOVARSKO-BILOGORSKA
241;OSNOVNA ŠKOLA VLADIMIRA NAZORA CRIKVENICA;PRIMORSKO-GORANSKA
242;OSNOVNA ŠKOLA ZVONKA CARA;PRIMORSKO-GORANSKA
243;OSNOVNA ŠKOLA PETAR ZRINSKI ČABAR;PRIMORSKO-GORANSKA
244;OSNOVNA ŠKOLA IVANA GORANA KOVAČIĆA;PRIMORSKO-GORANSKA
245;OSNOVNA ŠKOLA FRANA KRSTE FRANKOPANA;PRIMORSKO-GORANSKA
246;OSNOVNA ŠKOLA FRAN KRSTO FRANKOPAN KRK;PRIMORSKO-GORANSKA
247;OSNOVNA ŠKOLA FRANE PETRIĆA;PRIMORSKO-GORANSKA
248;OSNOVNA ŠKOLA RIKARD KATALINIĆ JERETOV;PRIMORSKO-GORANSKA
249;OSNOVNA ŠKOLA IVANA RABLJANINA RAB;PRIMORSKO-GORANSKA
250;OSNOVNA ŠKOLA - SCUOLA ELEMENTARE BELVEDERE;PRIMORSKO-GORANSKA
251;OSNOVNA ŠKOLA BRAJDA;PRIMORSKO-GORANSKA
252;OSNOVNA ŠKOLA CENTAR;PRIMORSKO-GORANSKA
253;OSNOVNA ŠKOLA ZAMET;PRIMORSKO-GORANSKA
254;OSNOVNA ŠKOLA - SCUOLA ELEMENTARE DOLAC;PRIMORSKO-GORANSKA
255;OSNOVNA ŠKOLA - SCUOLA ELEMENTARE GELSI;PRIMORSKO-GORANSKA
256;OSNOVNA ŠKOLA - SCUOLA ELEMENTARE ˝SAN NICOLO˝;PRIMORSKO-GORANSKA
257;OSNOVNA ŠKOLA VLADIMIR GORTAN;PRIMORSKO-GORANSKA
258;OSNOVNA ŠKOLA ˝KANTRIDA˝;PRIMORSKO-GORANSKA
259;OSNOVNA ŠKOLA KOZALA;PRIMORSKO-GORANSKA
260;OSNOVNA ŠKOLA EUGEN KUMIČIĆ;PRIMORSKO-GORANSKA
261;OSNOVNA ŠKOLA PEĆINE;PRIMORSKO-GORANSKA
262;OSNOVNA ŠKOLA PODMURVICE;PRIMORSKO-GORANSKA
263;OSNOVNA ŠKOLA NIKOLA TESLA;PRIMORSKO-GORANSKA
264;OSNOVNA ŠKOLA ŠKURINJE RIJEKA;PRIMORSKO-GORANSKA
265;OSNOVNA ŠKOLA TRSAT;PRIMORSKO-GORANSKA
266;OSNOVNA ŠKOLA TURNIĆ;PRIMORSKO-GORANSKA
267;OSNOVNA ŠKOLA VEŽICA;PRIMORSKO-GORANSKA
268;OSNOVNA ŠKOLA GORNJA VEŽICA;PRIMORSKO-GORANSKA
269;OSNOVNA ŠKOLA IVANA ZAJCA;PRIMORSKO-GORANSKA
270;OSNOVNA ŠKOLA SRDOČI;PRIMORSKO-GORANSKA
271;OSNOVNA ŠKOLA FRAN FRANKOVIĆ;PRIMORSKO-GORANSKA
272;OSNOVNA ŠKOLA PEHLIN;PRIMORSKO-GORANSKA
273;GLAZBENA ŠKOLA IVANA MATETIĆA RONJGOVA RIJEKA;PRIMORSKO-GORANSKA
274;OSNOVNA ŠKOLA IVANA GORANA KOVAČIĆA VRBOVSKO;PRIMORSKO-GORANSKA
275;OSNOVNA ŠKOLA KOSTRENA;PRIMORSKO-GORANSKA
276;OSNOVNA ŠKOLA BAKAR;PRIMORSKO-GORANSKA
277;OSNOVNA ŠKOLA HRELJIN;PRIMORSKO-GORANSKA
278;OSNOVNA ŠKOLA ČAVLE;PRIMORSKO-GORANSKA
279;OSNOVNA ŠKOLA RUDOLFA STROHALA;PRIMORSKO-GORANSKA
280;OSNOVNA ŠKOLA JELENJE - DRAŽICE;PRIMORSKO-GORANSKA
281;OSNOVNA ŠKOLA ˝MILAN BROZOVIĆ˝;PRIMORSKO-GORANSKA
282;OSNOVNA ŠKOLA KLANA;PRIMORSKO-GORANSKA
283;OSNOVNA ŠKOLA SVETI MATEJ;PRIMORSKO-GORANSKA
284;OSNOVNA ŠKOLA KRALJEVICA;PRIMORSKO-GORANSKA
285;OSNOVNA ŠKOLA IVANKE TROHAR;PRIMORSKO-GORANSKA
286;OSNOVNA ŠKOLA VIKTORA CARA EMINA;PRIMORSKO-GORANSKA
287;OSNOVNA ŠKOLA MARIA MARTINOLIĆA;PRIMORSKO-GORANSKA
288;OSNOVNA ŠKOLA DR. ANDRIJA MOHOROVIČIĆ;PRIMORSKO-GORANSKA
289;OSNOVNA ŠKOLA DRAGO GERVAIS;PRIMORSKO-GORANSKA
290;OSNOVNA ŠKOLA IVANA MAŽURANIĆA;PRIMORSKO-GORANSKA
291;OSNOVNA ŠKOLA DR. JOSIPA PANČIĆA BRIBIR;PRIMORSKO-GORANSKA
292;OSNOVNA ŠKOLA JURJA KLOVIĆA TRIBALJ;PRIMORSKO-GORANSKA
293;OSNOVNA ŠKOLA SKRAD;PRIMORSKO-GORANSKA
294;OSNOVNA ŠKOLA DR. BRANIMIRA MARKOVIĆA;PRIMORSKO-GORANSKA
295;OSNOVNA ŠKOLA MRKOPALJ;PRIMORSKO-GORANSKA
296;OSNOVNA ŠKOLA BROD MORAVICE;PRIMORSKO-GORANSKA
297;OSNOVNA ŠKOLA DONJI LAPAC;LIČKO-SENJSKA
298;OSNOVNA ŠKOLA DR. JURE TURIĆA;LIČKO-SENJSKA
299;OSNOVNA ŠKOLA DR. FRANJE TUĐMANA LIČKI OSIK;LIČKO-SENJSKA
300;OSNOVNA ŠKOLA DR. ANTE STARČEVIĆ PAZARIŠTE-KLANAC;LIČKO-SENJSKA
301;OSNOVNA ŠKOLA ZRINSKIH I FRANKOPANA;LIČKO-SENJSKA
302;OSNOVNA ŠKOLA SILVIJA STRAHIMIRA KRANJČEVIĆA SENJ;LIČKO-SENJSKA
303;OSNOVNA ŠKOLA LUKE PERKOVIĆA BRINJE;LIČKO-SENJSKA
304;OSNOVNA ŠKOLA KARLOBAG;LIČKO-SENJSKA
305;OSNOVNA ŠKOLA PERUŠIĆ;LIČKO-SENJSKA
306;OSNOVNA ŠKOLA ANŽ FRANKOPAN KOSINJ;LIČKO-SENJSKA
307;OSNOVNA ŠKOLA A. G. MATOŠA NOVALJA;LIČKO-SENJSKA
308;OSNOVNA ŠKOLA LOVINAC;LIČKO-SENJSKA
309;OSNOVNA ŠKOLA KRALJA TOMISLAVA;LIČKO-SENJSKA
310;OSNOVNA ŠKOLA PLITVIČKA JEZERA;LIČKO-SENJSKA
311;OSNOVNA ŠKOLA DR. FRANJE TUĐMANA;LIČKO-SENJSKA
312;OSNOVNA ŠKOLA IVANE BRLIĆ-MAŽURANIĆ ORAHOVICA;VIROVITIČKO-PODRAVSKA
313;OSNOVNA ŠKOLA EUGENA KUMIČIĆA;VIROVITIČKO-PODRAVSKA
314;OSNOVNA ŠKOLA JOSIPA KOZARCA;VIROVITIČKO-PODRAVSKA
315;OSNOVNA ŠKOLA IVANE BRLIĆ-MAŽURANIĆ VIROVITICA;VIROVITIČKO-PODRAVSKA
316;OSNOVNA ŠKOLA VLADIMIR NAZOR VIROVITICA;VIROVITIČKO-PODRAVSKA
317;CENTAR ZA ODGOJ, OBRAZOVANJE I REHABILITACIJU VIROVITICA;VIROVITIČKO-PODRAVSKA
318;OSNOVNA ŠKOLA IVAN GORAN KOVAČIĆ;VIROVITIČKO-PODRAVSKA
319;OSNOVNA ŠKOLA ANTUNA GUSTAVA MATOŠA;VIROVITIČKO-PODRAVSKA
320;OSNOVNA ŠKOLA IVANA GORANA KOVAČIĆA GORNJE BAZJE;VIROVITIČKO-PODRAVSKA
321;OSNOVNA ŠKOLA GRADINA;VIROVITIČKO-PODRAVSKA
322;OSNOVNA ŠKOLA DAVORIN TRSTENJAK ČAĐAVICA;VIROVITIČKO-PODRAVSKA
323;OSNOVNA ŠKOLA VLADIMIRA NAZORA;VIROVITIČKO-PODRAVSKA
324;OSNOVNA ŠKOLA MIKLEUŠ;VIROVITIČKO-PODRAVSKA
325;OSNOVNA ŠKOLA VOĆIN;VIROVITIČKO-PODRAVSKA
326;OSNOVNA ŠKOLA SUHOPOLJE;VIROVITIČKO-PODRAVSKA
327;OSNOVNA ŠKOLA AUGUST CESAREC;VIROVITIČKO-PODRAVSKA
328;OSNOVNA ŠKOLA PETRA PRERADOVIĆA;VIROVITIČKO-PODRAVSKA
329;OSNOVNA ŠKOLA BRAĆE RADIĆA PAKRAC;POŽEŠKO-SLAVONSKA
330;OSNOVNA ŠKOLA DOBRIŠA CESARIĆ;POŽEŠKO-SLAVONSKA
331;OSNOVNA ŠKOLA JULIJA KEMPFA;POŽEŠKO-SLAVONSKA
332;OSNOVNA ŠKOLA ANTUNA KANIŽLIĆA;POŽEŠKO-SLAVONSKA
333;KATOLIČKA OSNOVNA ŠKOLA U POŽEGI;POŽEŠKO-SLAVONSKA
334;GLAZBENA ŠKOLA POŽEGA;POŽEŠKO-SLAVONSKA
335;OSNOVNA ŠKOLA DRAGUTINA LERMANA;POŽEŠKO-SLAVONSKA
336;OSNOVNA ŠKOLA STJEPANA RADIĆA ČAGLIN;POŽEŠKO-SLAVONSKA
337;OSNOVNA ŠKOLA MLADOST;POŽEŠKO-SLAVONSKA
338;OSNOVNA ŠKOLA VILIMA KORAJCA;POŽEŠKO-SLAVONSKA
339;OSNOVNA ŠKOLA ZDENKA TURKOVIĆA;POŽEŠKO-SLAVONSKA
340;OSNOVNA ŠKOLA FRA KAJE ADŽIĆA PLETERNICA;POŽEŠKO-SLAVONSKA
341;OSNOVNA ŠKOLA IVAN GORAN KOVAČIĆ;POŽEŠKO-SLAVONSKA
342;OSNOVNA ŠKOLA VLADIMIR NAZOR;POŽEŠKO-SLAVONSKA
343;OSNOVNA ŠKOLA LIPIK;POŽEŠKO-SLAVONSKA
344;OSNOVNA ŠKOLA GRIGORA VITEZA POLJANA;POŽEŠKO-SLAVONSKA
345;OSNOVNA ŠKOLA LJUDEVITA GAJA NOVA GRADIŠKA;BRODSKO-POSAVSKA
346;OSNOVNA ŠKOLA MATO LOVRAK;BRODSKO-POSAVSKA
347;OSNOVNA ŠKOLA IVAN GORAN KOVAČIĆ;BRODSKO-POSAVSKA
348;OSNOVNA ŠKOLA ANTUN MIHANOVIĆ;BRODSKO-POSAVSKA
349;OSNOVNA ŠKOLA HUGO BADALIĆ;BRODSKO-POSAVSKA
350;OSNOVNA ŠKOLA ĐURO PILAR;BRODSKO-POSAVSKA
351;OSNOVNA ŠKOLA BOGOSLAV ŠULEK;BRODSKO-POSAVSKA
352;OSNOVNA ŠKOLA VLADIMIR NAZOR;BRODSKO-POSAVSKA
353;OSNOVNA ŠKOLA IVANA BRLIĆ-MAŽURANIĆ;BRODSKO-POSAVSKA
354;OSNOVNA ŠKOLA BLAŽ TADIJANOVIĆ;BRODSKO-POSAVSKA
355;OSNOVNA ŠKOLA MILAN AMRUŠ;BRODSKO-POSAVSKA
356;OSNOVNA ŠKOLA DRAGUTIN TADIJANOVIĆ;BRODSKO-POSAVSKA
357;GLAZBENA ŠKOLA SLAVONSKI BROD;BRODSKO-POSAVSKA
358;OSNOVNA ŠKOLA ANTUN MATIJA RELJKOVIĆ;BRODSKO-POSAVSKA
359;OSNOVNA ŠKOLA VIKTOR CAR EMIN;BRODSKO-POSAVSKA
360;OSNOVNA ŠKOLA AUGUSTA ŠENOE;BRODSKO-POSAVSKA
361;OSNOVNA ŠKOLA VJEKOSLAV KLAIĆ;BRODSKO-POSAVSKA
362;OSNOVNA ŠKOLA IVAN MAŽURANIĆ;BRODSKO-POSAVSKA
363;OSNOVNA ŠKOLA JOSIP KOZARAC SLAVONSKI ŠAMAC;BRODSKO-POSAVSKA
364;OSNOVNA ŠKOLA SIKIREVCI;BRODSKO-POSAVSKA
365;OSNOVNA ŠKOLA DR. STJEPAN ILIJAŠEVIĆ;BRODSKO-POSAVSKA
366;OSNOVNA ŠKOLA LJUDEVIT GAJ;BRODSKO-POSAVSKA
367;OSNOVNA ŠKOLA IVAN MEŠTROVIĆ;BRODSKO-POSAVSKA
368;OSNOVNA ŠKOLA IVAN FILIPOVIĆ;BRODSKO-POSAVSKA
369;OSNOVNA ŠKOLA STJEPAN RADIĆ OPRISAVCI;BRODSKO-POSAVSKA
370;OSNOVNA ŠKOLA MATIJA GUBEC CERNIK;BRODSKO-POSAVSKA
371;OSNOVNA ŠKOLA MATIJA ANTUN RELKOVIĆ;BRODSKO-POSAVSKA
372;OSNOVNA ŠKOLA DRAGALIĆ;BRODSKO-POSAVSKA
373;OSNOVNA ŠKOLA ANTUN MIHANOVIĆ NOVA KAPELA BATRINA;BRODSKO-POSAVSKA
374;OSNOVNA ŠKOLA OKUČANI;BRODSKO-POSAVSKA
375;OSNOVNA ŠKOLA ANTE STARČEVIĆA;BRODSKO-POSAVSKA
376;OSNOVNA ŠKOLA VLADIMIR NAZOR;BRODSKO-POSAVSKA
377;OSNOVNA ŠKOLA IVANA GORANA KOVAČIĆA;BRODSKO-POSAVSKA
378;OSNOVNA ŠKOLA MARKOVAC;BRODSKO-POSAVSKA
379;OSNOVNA ŠKOLA ŠEĆERANA;OSJEČKO-BARANJSKA
380;OSNOVNA ŠKOLA DR. FRANJO TUĐMAN;OSJEČKO-BARANJSKA
381;OSNOVNA ŠKOLA AUGUST HARAMBAŠIĆ;OSJEČKO-BARANJSKA
382;OSNOVNA ŠKOLA HRVATSKI SOKOL;OSJEČKO-BARANJSKA
383;OSNOVNA ŠKOLA BUDROVCI;OSJEČKO-BARANJSKA
384;OSNOVNA ŠKOLA IVAN GORAN KOVAČIĆ;OSJEČKO-BARANJSKA
385;OSNOVNA ŠKOLA VLADIMIR NAZOR;OSJEČKO-BARANJSKA
386;OSNOVNA ŠKOLA JOSIPA ANTUNA ĆOLNIĆA;OSJEČKO-BARANJSKA
387;OSNOVNA ŠKOLA ĐAKOVAČKI SELCI;OSJEČKO-BARANJSKA
388;OSNOVNA ŠKOLA MATIJA GUBEC;OSJEČKO-BARANJSKA
389;OSNOVNA ŠKOLA DORE PEJAČEVIĆ NAŠICE;OSJEČKO-BARANJSKA
390;OSNOVNA ŠKOLA IVANA BRNJIKA SLOVAKA;OSJEČKO-BARANJSKA
391;OSNOVNA ŠKOLA KRALJA TOMISLAVA;OSJEČKO-BARANJSKA
392;CENTAR ZA ODGOJ I OBRAZOVANJE IVAN ŠTARK;OSJEČKO-BARANJSKA
393;OSNOVNA ŠKOLA SVETE ANE U OSIJEKU;OSJEČKO-BARANJSKA
394;OSNOVNA ŠKOLA FRANJE KREŽME;OSJEČKO-BARANJSKA
395;OSNOVNA ŠKOLA ANTUNA MIHANOVIĆA;OSJEČKO-BARANJSKA
396;OSNOVNA ŠKOLA VLADIMIRA BECIĆA OSIJEK;OSJEČKO-BARANJSKA
397;OSNOVNA ŠKOLA MLADOST;OSJEČKO-BARANJSKA
398;OSNOVNA ŠKOLA FRANA KRSTE FRANKOPANA;OSJEČKO-BARANJSKA
399;OSNOVNA ŠKOLA VIJENAC;OSJEČKO-BARANJSKA
400;OSNOVNA ŠKOLA LJUDEVITA GAJA;OSJEČKO-BARANJSKA
401;OSNOVNA ŠKOLA JAGODE TRUHELKE;OSJEČKO-BARANJSKA
402;OSNOVNA ŠKOLA GRIGOR VITEZ;OSJEČKO-BARANJSKA
403;OSNOVNA ŠKOLA TIN UJEVIĆ;OSJEČKO-BARANJSKA
404;OSNOVNA ŠKOLA TENJA;OSJEČKO-BARANJSKA
405;OSNOVNA ŠKOLA DOBRIŠA CESARIĆ;OSJEČKO-BARANJSKA
406;OSNOVNA ŠKOLA AUGUST ŠENOA;OSJEČKO-BARANJSKA
407;OSNOVNA ŠKOLA JOSIPOVAC;OSJEČKO-BARANJSKA
408;OSNOVNA ŠKOLA VIŠNJEVAC;OSJEČKO-BARANJSKA
409;OSNOVNA ŠKOLA IVANA FILIPOVIĆA;OSJEČKO-BARANJSKA
410;OSNOVNA ŠKOLA RETFALA;OSJEČKO-BARANJSKA
411;PROSVJETNO-KULTURNI CENTAR MAĐARA U REPUBLICI HRVATSKOJ;OSJEČKO-BARANJSKA
412;GLAZBENA ŠKOLA FRANJE KUHAČA OSIJEK;OSJEČKO-BARANJSKA
413;OSNOVNA ŠKOLA MATIJE PETRA KATANČIĆA;OSJEČKO-BARANJSKA
414;OSNOVNA ŠKOLA LADIMIREVCI;OSJEČKO-BARANJSKA
415;OSNOVNA ŠKOLA VLADIMIRA NAZORA;OSJEČKO-BARANJSKA
416;OSNOVNA ŠKOLA JOSIPA JURJA STROSSMAYERA;OSJEČKO-BARANJSKA
417;OSNOVNA ŠKOLA HINKA JUHNA PODGORAČ;OSJEČKO-BARANJSKA
418;OSNOVNA ŠKOLA ČEMINAC;OSJEČKO-BARANJSKA
419;OSNOVNA ŠKOLA JAGODNJAK;OSJEČKO-BARANJSKA
420;OSNOVNA ŠKOLA POPOVAC;OSJEČKO-BARANJSKA
421;OSNOVNA ŠKOLA KNEŽEVI VINOGRADI;OSJEČKO-BARANJSKA
422;OSNOVNA ŠKOLA ZMAJEVAC;OSJEČKO-BARANJSKA
423;OSNOVNA ŠKOLA BILJE;OSJEČKO-BARANJSKA
424;OSNOVNA ŠKOLA LUG - LASKÓI ÁLTALÁNOS ISKOLA;OSJEČKO-BARANJSKA
425;OSNOVNA ŠKOLA DRAŽ;OSJEČKO-BARANJSKA
426;OSNOVNA ŠKOLA DARDA;OSJEČKO-BARANJSKA
427;OSNOVNA ŠKOLA IVANA KUKULJEVIĆA;OSJEČKO-BARANJSKA
428;OSNOVNA ŠKOLA BRATOLJUBA KLAIĆA;OSJEČKO-BARANJSKA
429;OSNOVNA ŠKOLA VLADIMIR NAZOR;OSJEČKO-BARANJSKA
430;OSNOVNA ŠKOLA MIROSLAVA KRLEŽE;OSJEČKO-BARANJSKA
431;OSNOVNA ŠKOLA ERNESTINOVO;OSJEČKO-BARANJSKA
432;OSNOVNA ŠKOLA LASLOVO;OSJEČKO-BARANJSKA
433;OSNOVNA ŠKOLA GORJANI;OSJEČKO-BARANJSKA
434;OSNOVNA ŠKOLA JOSIP KOZARAC;OSJEČKO-BARANJSKA
435;OSNOVNA ŠKOLA DRENJE;OSJEČKO-BARANJSKA
436;OSNOVNA ŠKOLA IVANE BRLIĆ MAŽURANIĆ;OSJEČKO-BARANJSKA
437;OSNOVNA ŠKOLA PETRIJEVCI;OSJEČKO-BARANJSKA
438;OSNOVNA ŠKOLA JOSIPA JURJA STROSSMAYERA;OSJEČKO-BARANJSKA
439;OSNOVNA ŠKOLA JOSIPA KOZARCA;OSJEČKO-BARANJSKA
440;OSNOVNA ŠKOLA IVANA BRLIĆ MAŽURANIĆ;OSJEČKO-BARANJSKA
441;OSNOVNA ŠKOLA SILVIJE STRAHIMIR KRANJČEVIĆ;OSJEČKO-BARANJSKA
442;OSNOVNA ŠKOLA MILKA CEPELIĆA;OSJEČKO-BARANJSKA
443;OSNOVNA ŠKOLA MATE LOVRAKA;OSJEČKO-BARANJSKA
444;OSNOVNA ŠKOLA LUKA BOTIĆ;OSJEČKO-BARANJSKA
445;OSNOVNA ŠKOLA MATIJA GUBEC;OSJEČKO-BARANJSKA
446;OSNOVNA ŠKOLA DALJ;OSJEČKO-BARANJSKA
447;OSNOVNA ŠKOLA BIJELO BRDO;OSJEČKO-BARANJSKA
448;OSNOVNA ŠKOLA ANTUNOVAC;OSJEČKO-BARANJSKA
449;OSNOVNA ŠKOLA ANTE STARČEVIĆA VILJEVO;OSJEČKO-BARANJSKA
450;OSNOVNA ŠKOLA BENKOVAC;ZADARSKA
451;OSNOVNA ŠKOLA BIOGRAD;ZADARSKA
452;OSNOVNA ŠKOLA NIKOLE TESLE;ZADARSKA
453;OSNOVNA ŠKOLA OBROVAC;ZADARSKA
454;OSNOVNA ŠKOLA JURJA DALMATINCA PAG;ZADARSKA
455;OSNOVNA ŠKOLA STANOVI;ZADARSKA
456;OSNOVNA ŠKOLA KRUNE KRSTIĆA - ZADAR;ZADARSKA
457;OSNOVNA ŠKOLA PETRA PRERADOVIĆA;ZADARSKA
458;OSNOVNA ŠKOLA ŠIMUNA KOŽIČIĆA BENJE;ZADARSKA
459;OSNOVNA ŠKOLA ŠIME BUDINIĆA - ZADAR;ZADARSKA
460;OSNOVNA ŠKOLA SMILJEVAC;ZADARSKA
461;OSNOVNA ŠKOLA BARTULA KAŠIĆA;ZADARSKA
462;OSNOVNA ŠKOLA VOŠTARNICA - ZADAR;ZADARSKA
463;OSNOVNA ŠKOLA ZADARSKI OTOCI - ZADAR;ZADARSKA
464;PRIVATNA OSNOVNA ŠKOLA NOVA;ZADARSKA
465;GLAZBENA ŠKOLA BLAGOJE BERSA ZADAR;ZADARSKA
466;OSNOVNA ŠKOLA STJEPANA RADIĆA-BIBINJE;ZADARSKA
467;OSNOVNA ŠKOLA SUKOŠAN;ZADARSKA
468;OSNOVNA ŠKOLA ZEMUNIK;ZADARSKA
469;OSNOVNA ŠKOLA GALOVAC;ZADARSKA
470;OSNOVNA ŠKOLA VLADIMIRA NAZORA - ŠKABRNJE;ZADARSKA
471;OSNOVNA ŠKOLA POLIČNIK;ZADARSKA
472;OSNOVNA ŠKOLA BRAĆA RIBAR;ZADARSKA
473;OSNOVNA ŠKOLA NOVIGRAD;ZADARSKA
474;OSNOVNA ŠKOLA BRAĆE RADIĆ;ZADARSKA
475;OSNOVNA ŠKOLA STARIGRAD;ZADARSKA
476;OSNOVNA ŠKOLA JURJA BARAKOVIĆA;ZADARSKA
477;OSNOVNA ŠKOLA ˝PETAR ZORANIĆ˝;ZADARSKA
478;OSNOVNA ŠKOLA PRIVLAKA;ZADARSKA
479;OSNOVNA ŠKOLA VALENTIN KLARIN PREKO;ZADARSKA
480;OSNOVNA ŠKOLA PETAR LORINI;ZADARSKA
481;OSNOVNA ŠKOLA VLADIMIR NAZOR;ZADARSKA
482;OSNOVNA ŠKOLA PAKOŠTANE;ZADARSKA
483;OSNOVNA ŠKOLA SV. FILIP I JAKOV;ZADARSKA
484;OSNOVNA ŠKOLA PETRA ZORANIĆA;ZADARSKA
485;OSNOVNA ŠKOLA FRANKA LISICE POLAČA;ZADARSKA
486;OSNOVNA ŠKOLA IVAN GORAN KOVAČIĆ;ZADARSKA
487;OSNOVNA ŠKOLA PETAR ZORANIĆ;ZADARSKA
488;OSNOVNA ŠKOLA ANTUNA MIHANOVIĆA PETROPOLJSKOG;ŠIBENSKO-KNINSKA
489;OSNOVNA ŠKOLA DOMOVINSKE ZAHVALNOSTI;ŠIBENSKO-KNINSKA
490;OSNOVNA ŠKOLA DR. FRANJE TUĐMANA;ŠIBENSKO-KNINSKA
491;OSNOVNA ŠKOLA FAUSTA VRANČIĆA;ŠIBENSKO-KNINSKA
492;OSNOVNA ŠKOLA PETRA KREŠIMIRA IV.;ŠIBENSKO-KNINSKA
493;OSNOVNA ŠKOLA JURJA ŠIŽGORIĆA;ŠIBENSKO-KNINSKA
494;OSNOVNA ŠKOLA JURJA DALMATINCA ŠIBENIK;ŠIBENSKO-KNINSKA
495;OSNOVNA ŠKOLA TINA UJEVIĆA;ŠIBENSKO-KNINSKA
496;OSNOVNA ŠKOLA VIDICI;ŠIBENSKO-KNINSKA
497;OSNOVNA ŠKOLA VRPOLJE;ŠIBENSKO-KNINSKA
498;OSNOVNA ŠKOLA BRODARICA;ŠIBENSKO-KNINSKA
499;KATOLIČKA OSNOVNA ŠKOLA;ŠIBENSKO-KNINSKA
500;OSNOVNA ŠKOLA METERIZE;ŠIBENSKO-KNINSKA
501;GLAZBENA ŠKOLA IVANA LUKAČIĆA;ŠIBENSKO-KNINSKA
502;OSNOVNA ŠKOLA KISTANJE;ŠIBENSKO-KNINSKA
503;OSNOVNA ŠKOLA PRIMOŠTEN;ŠIBENSKO-KNINSKA
504;OSNOVNA ŠKOLA ROGOZNICA;ŠIBENSKO-KNINSKA
505;OSNOVNA ŠKOLA SKRADIN;ŠIBENSKO-KNINSKA
506;OSNOVNA ŠKOLA VJEKOSLAVA KALEBA;ŠIBENSKO-KNINSKA
507;OSNOVNA ŠKOLA MURTERSKI ŠKOJI;ŠIBENSKO-KNINSKA
508;OSNOVNA ŠKOLA PIROVAC;ŠIBENSKO-KNINSKA
509;OSNOVNA ŠKOLA VODICE;ŠIBENSKO-KNINSKA
510;OSNOVNA ŠKOLA ČISTA VELIKA;ŠIBENSKO-KNINSKA
511;OSNOVNA ŠKOLA JAKOVA GOTOVCA;ŠIBENSKO-KNINSKA
512;OSNOVNA ŠKOLA BARTOLA KAŠIĆA;VUKOVARSKO-SRIJEMSKA
513;OSNOVNA ŠKOLA JOSIPA KOZARCA, VINKOVCI;VUKOVARSKO-SRIJEMSKA
514;OSNOVNA ŠKOLA IVANA GORANA KOVAČIĆA;VUKOVARSKO-SRIJEMSKA
515;OSNOVNA ŠKOLA VLADIMIRA NAZORA;VUKOVARSKO-SRIJEMSKA
516;OSNOVNA ŠKOLA IVANA MAŽURANIĆA;VUKOVARSKO-SRIJEMSKA
517;OSNOVNA ŠKOLA NIKOLE TESLE;VUKOVARSKO-SRIJEMSKA
518;OSNOVNA ŠKOLA ANTUN GUSTAV MATOŠ;VUKOVARSKO-SRIJEMSKA
519;OSNOVNA ŠKOLA DRAGUTINA TADIJANOVIĆA;VUKOVARSKO-SRIJEMSKA
520;OSNOVNA ŠKOLA NIKOLE ANDRIĆA;VUKOVARSKO-SRIJEMSKA
521;OSNOVNA ŠKOLA MITNICA;VUKOVARSKO-SRIJEMSKA
522;OSNOVNA ŠKOLA JOSIPA MATOŠA;VUKOVARSKO-SRIJEMSKA
523;OSNOVNA ŠKOLA ANTUNA BAUERA;VUKOVARSKO-SRIJEMSKA
524;OSNOVNA ŠKOLA IVANA KOZARCA ŽUPANJA;VUKOVARSKO-SRIJEMSKA
525;OSNOVNA ŠKOLA MATE LOVRAKA;VUKOVARSKO-SRIJEMSKA
526;OSNOVNA ŠKOLA IVAN GORAN KOVAČIĆ ŠTITAR;VUKOVARSKO-SRIJEMSKA
527;OSNOVNA ŠKOLA FRA BERNARDINA TOME LEAKOVIĆA;VUKOVARSKO-SRIJEMSKA
528;OSNOVNA ŠKOLA SINIŠE GLAVAŠEVIĆA;VUKOVARSKO-SRIJEMSKA
529;OSNOVNA ŠKOLA BLAGE ZADRE;VUKOVARSKO-SRIJEMSKA
530;OSNOVNA ŠKOLA BOROVO;VUKOVARSKO-SRIJEMSKA
531;OSNOVNA ŠKOLA MATIJA ANTUN RELJKOVIĆ;VUKOVARSKO-SRIJEMSKA
532;OSNOVNA ŠKOLA GRADIŠTE;VUKOVARSKO-SRIJEMSKA
533;OSNOVNA ŠKOLA ANTUN I STJEPAN RADIĆ;VUKOVARSKO-SRIJEMSKA
534;OSNOVNA ŠKOLA IVAN MEŠTROVIĆ DRENOVCI;VUKOVARSKO-SRIJEMSKA
535;OSNOVNA ŠKOLA IVAN FILIPOVIĆ;VUKOVARSKO-SRIJEMSKA
536;OSNOVNA ŠKOLA DAVORIN TRSTENJAK;VUKOVARSKO-SRIJEMSKA
537;OSNOVNA ŠKOLA JULIJA BENEŠIĆA;VUKOVARSKO-SRIJEMSKA
538;OSNOVNA ŠKOLA DR. FRANJO TUĐMAN;VUKOVARSKO-SRIJEMSKA
539;OSNOVNA ŠKOLA AUGUST CESAREC;VUKOVARSKO-SRIJEMSKA
540;OSNOVNA ŠKOLA ANE KATARINE ZRINSKI;VUKOVARSKO-SRIJEMSKA
541;OSNOVNA ŠKOLA MATIJA GUBEC;VUKOVARSKO-SRIJEMSKA
542;OSNOVNA ŠKOLA LOVAS;VUKOVARSKO-SRIJEMSKA
543;OSNOVNA ŠKOLA ANTUN GUSTAV MATOŠ TOVARNIK;VUKOVARSKO-SRIJEMSKA
544;OSNOVNA ŠKOLA ZRINSKIH NUŠTAR;VUKOVARSKO-SRIJEMSKA
545;OSNOVNA ŠKOLA IVAN KOZARAC;VUKOVARSKO-SRIJEMSKA
546;OSNOVNA ŠKOLA LIPOVAC;VUKOVARSKO-SRIJEMSKA
547;OSNOVNA ŠKOLA ILAČA-BANOVCI;VUKOVARSKO-SRIJEMSKA
548;OSNOVNA ŠKOLA JOSIPA LOVRETIĆA;VUKOVARSKO-SRIJEMSKA
549;OSNOVNA ŠKOLA VLADIMIR NAZOR;VUKOVARSKO-SRIJEMSKA
550;OSNOVNA ŠKOLA STJEPANA ANTOLOVIĆA;VUKOVARSKO-SRIJEMSKA
551;OSNOVNA ŠKOLA ČAKOVCI;VUKOVARSKO-SRIJEMSKA
552;OSNOVNA ŠKOLA STARI JANKOVCI;VUKOVARSKO-SRIJEMSKA
553;OSNOVNA ŠKOLA SLAKOVCI;VUKOVARSKO-SRIJEMSKA
554;OSNOVNA ŠKOLA STJEPANA CVRKOVIĆA;VUKOVARSKO-SRIJEMSKA
555;OSNOVNA ŠKOLA KOROG, KOROG;VUKOVARSKO-SRIJEMSKA
556;OSNOVNA ŠKOLA MARKUŠICA;VUKOVARSKO-SRIJEMSKA
557;OSNOVNA ŠKOLA TORDINCI;VUKOVARSKO-SRIJEMSKA
558;OSNOVNA ŠKOLA TRPINJA;VUKOVARSKO-SRIJEMSKA
559;OSNOVNA ŠKOLA BOBOTA;VUKOVARSKO-SRIJEMSKA
560;OSNOVNA ŠKOLA BRŠADIN;VUKOVARSKO-SRIJEMSKA
561;OSNOVNA ŠKOLA MARE ŠVEL-GAMIRŠEK;VUKOVARSKO-SRIJEMSKA
562;OSNOVNA ŠKOLA JOSIP KOZARAC SOLJANI;VUKOVARSKO-SRIJEMSKA
563;OSNOVNA ŠKOLA IVANA BRLIĆ-MAŽURANIĆ ROKOVCI-ANDRIJAŠEVCI;VUKOVARSKO-SRIJEMSKA
564;OSNOVNA ŠKOLA MIJAT STOJANOVIĆ;VUKOVARSKO-SRIJEMSKA
565;OSNOVNA ŠKOLA NEGOSLAVCI;VUKOVARSKO-SRIJEMSKA
566;OSNOVNA ŠKOLA HVAR;SPLITSKO-DALMATINSKA
567;OSNOVNA ŠKOLA STJEPAN RADIĆ;SPLITSKO-DALMATINSKA
568;OSNOVNA ŠKOLA O.PETRA PERICE MAKARSKA;SPLITSKO-DALMATINSKA
569;OSNOVNA ŠKOLA STJEPANA IVIČEVIĆA;SPLITSKO-DALMATINSKA
570;OSNOVNA ŠKOLA JOSIP PUPAČIĆ;SPLITSKO-DALMATINSKA
571;OSNOVNA ŠKOLA 1. LISTOPADA 1942.;SPLITSKO-DALMATINSKA
572;OSNOVNA ŠKOLA GORNJA POLJICA;SPLITSKO-DALMATINSKA
573;OSNOVNA ŠKOLA IVANA LOVRIĆA;SPLITSKO-DALMATINSKA
574;OSNOVNA ŠKOLA MARKA MARULIĆA;SPLITSKO-DALMATINSKA
575;OSNOVNA ŠKOLA FRA PAVLA VUČKOVIĆA;SPLITSKO-DALMATINSKA
576;OSNOVNA ŠKOLA STJEPAN RADIĆ;SPLITSKO-DALMATINSKA
577;OSNOVNA ŠKOLA MAJSTORA RADOVANA;SPLITSKO-DALMATINSKA
578;OSNOVNA ŠKOLA PETAR BERISLAVIĆ;SPLITSKO-DALMATINSKA
579;OSNOVNA ŠKOLA VIS;SPLITSKO-DALMATINSKA
580;OSNOVNA ŠKOLA VRGORAC;SPLITSKO-DALMATINSKA
581;OSNOVNA ŠKOLA KNEZA MISLAVA;SPLITSKO-DALMATINSKA
582;OSNOVNA ŠKOLA KNEZA TRPIMIRA;SPLITSKO-DALMATINSKA
583;OSNOVNA ŠKOLA OSTROG;SPLITSKO-DALMATINSKA
584;OSNOVNA ŠKOLA BIJAĆI;SPLITSKO-DALMATINSKA
585;OSNOVNA ŠKOLA PROF. FILIPA LUKASA;SPLITSKO-DALMATINSKA
586;OSNOVNA ŠKOLA DON LOVRE KATIĆA;SPLITSKO-DALMATINSKA
587;OSNOVNA ŠKOLA VJEKOSLAVA PARAĆA;SPLITSKO-DALMATINSKA
588;OSNOVNA ŠKOLA KRALJICE JELENE;SPLITSKO-DALMATINSKA
589;OSNOVNA ŠKOLA MARJAN;SPLITSKO-DALMATINSKA
590;OSNOVNA ŠKOLA DOBRI;SPLITSKO-DALMATINSKA
591;OSNOVNA ŠKOLA ˝BOL˝;SPLITSKO-DALMATINSKA
592;OSNOVNA ŠKOLA SKALICE;SPLITSKO-DALMATINSKA
593;OSNOVNA ŠKOLA MANUŠ;SPLITSKO-DALMATINSKA
594;OSNOVNA ŠKOLA SPINUT;SPLITSKO-DALMATINSKA
595;OSNOVNA ŠKOLA POJIŠAN;SPLITSKO-DALMATINSKA
596;OSNOVNA ŠKOLA LUČAC;SPLITSKO-DALMATINSKA
597;OSNOVNA ŠKOLA BRDA;SPLITSKO-DALMATINSKA
598;OSNOVNA ŠKOLA MEJE;SPLITSKO-DALMATINSKA
599;OSNOVNA ŠKOLA TRSTENIK;SPLITSKO-DALMATINSKA
600;OSNOVNA ŠKOLA BLATINE-ŠKRAPE;SPLITSKO-DALMATINSKA
601;OSNOVNA ŠKOLA PLOKITE;SPLITSKO-DALMATINSKA
602;OSNOVNA ŠKOLA KMAN-KOCUNAR;SPLITSKO-DALMATINSKA
603;OSNOVNA ŠKOLA SPLIT 3;SPLITSKO-DALMATINSKA
604;OSNOVNA ŠKOLA RAVNE NJIVE;SPLITSKO-DALMATINSKA
605;OSNOVNA ŠKOLA SUĆIDAR;SPLITSKO-DALMATINSKA
606;OSNOVNA ŠKOLA MERTOJAK;SPLITSKO-DALMATINSKA
607;OSNOVNA ŠKOLA GRIPE;SPLITSKO-DALMATINSKA
608;OSNOVNA ŠKOLA MEJAŠI;SPLITSKO-DALMATINSKA
609;OSNOVNA ŠKOLA PUJANKI;SPLITSKO-DALMATINSKA
610;OSNOVNA ŠKOLA ŽRNOVNICA;SPLITSKO-DALMATINSKA
611;OSNOVNA ŠKOLA SRINJINE;SPLITSKO-DALMATINSKA
612;OSNOVNA ŠKOLA VISOKA;SPLITSKO-DALMATINSKA
613;OSNOVNA ŠKOLA STOBREČ;SPLITSKO-DALMATINSKA
614;OSNOVNA ŠKOLA KAMEN-ŠINE;SPLITSKO-DALMATINSKA
615;OSNOVNA ŠKOLA SLATINE;SPLITSKO-DALMATINSKA
616;GLAZBENA ŠKOLA JOSIPA HATZEA;SPLITSKO-DALMATINSKA
617;OSNOVNA ŠKOLA KRALJA ZVONIMIRA;SPLITSKO-DALMATINSKA
618;OSNOVNA ŠKOLA STROŽANAC;SPLITSKO-DALMATINSKA
619;OSNOVNA ŠKOLA BOL;SPLITSKO-DALMATINSKA
620;OSNOVNA ŠKOLA PUČIŠĆA;SPLITSKO-DALMATINSKA
621;OSNOVNA ŠKOLA VLADIMIRA NAZORA;SPLITSKO-DALMATINSKA
622;OSNOVNA ŠKOLA SELCA;SPLITSKO-DALMATINSKA
623;OSNOVNA ŠKOLA KNEZA BRANIMIRA;SPLITSKO-DALMATINSKA
624;OSNOVNA ŠKOLA NEORIĆ-SUTINA;SPLITSKO-DALMATINSKA
625;OSNOVNA ŠKOLA BRAĆE RADIĆA;SPLITSKO-DALMATINSKA
626;OSNOVNA ŠKOLA JESENICE DUGI RAT;SPLITSKO-DALMATINSKA
627;OSNOVNA ŠKOLA GROHOTE;SPLITSKO-DALMATINSKA
628;OSNOVNA ŠKOLA DINKA ŠIMUNOVIĆA;SPLITSKO-DALMATINSKA
629;OSNOVNA ŠKOLA TIN UJEVIĆ;SPLITSKO-DALMATINSKA
630;OSNOVNA ŠKOLA I.G. KOVAČIĆA;SPLITSKO-DALMATINSKA
631;OSNOVNA ŠKOLA ARŽANO;SPLITSKO-DALMATINSKA
632;OSNOVNA ŠKOLA SILVIJA STRAHIMIRA KRANJČEVIĆA LOVREĆ;SPLITSKO-DALMATINSKA
633;OSNOVNA ŠKOLA STUDENCI;SPLITSKO-DALMATINSKA
634;OSNOVNA ŠKOLA IVAN LEKO;SPLITSKO-DALMATINSKA
635;OSNOVNA ŠKOLA RUNOVIĆ;SPLITSKO-DALMATINSKA
636;OSNOVNA ŠKOLA JELSA;SPLITSKO-DALMATINSKA
637;OSNOVNA ŠKOLA ANTE ANĐELINOVIĆ;SPLITSKO-DALMATINSKA
638;OSNOVNA ŠKOLA PRIMORSKI DOLAC;SPLITSKO-DALMATINSKA
639;OSNOVNA ŠKOLA DON MIHOVILA PAVLINOVIĆA;SPLITSKO-DALMATINSKA
640;OSNOVNA ŠKOLA GRADAC;SPLITSKO-DALMATINSKA
641;OSNOVNA ŠKOLA DR. FRANJE TUĐMANA BRELA;SPLITSKO-DALMATINSKA
642;OSNOVNA ŠKOLA BARIŠE GRANIĆA MEŠTRA;SPLITSKO-DALMATINSKA
643;OSNOVNA ŠKOLA IVAN DUKNOVIĆ;SPLITSKO-DALMATINSKA
644;OSNOVNA ŠKOLA KAMEŠNICA;SPLITSKO-DALMATINSKA
645;OSNOVNA ŠKOLA IVANA MAŽURANIĆA;SPLITSKO-DALMATINSKA
646;OSNOVNA ŠKOLA ANTE STARČEVIĆA DICMO;SPLITSKO-DALMATINSKA
647;OSNOVNA ŠKOLA PETRA KRUŽIĆA KLIS;SPLITSKO-DALMATINSKA
648;OSNOVNA ŠKOLA DUGOPOLJE;SPLITSKO-DALMATINSKA
649;OSNOVNA ŠKOLA SUPETAR;SPLITSKO-DALMATINSKA
650;OSNOVNA ŠKOLA MILNA;SPLITSKO-DALMATINSKA
651;OSNOVNA ŠKOLA PETRA HEKTOROVIĆA STARI GRAD;SPLITSKO-DALMATINSKA
652;OSNOVNA ŠKOLA DR. FRA KARLO BALIĆ;SPLITSKO-DALMATINSKA
653;OSNOVNA ŠKOLA TRILJ;SPLITSKO-DALMATINSKA
654;OSNOVNA ŠKOLA MILANA BEGOVIĆA;SPLITSKO-DALMATINSKA
655;OSNOVNA ŠKOLA KOMIŽA;SPLITSKO-DALMATINSKA
656;OSNOVNA ŠKOLA ZAGVOZD;SPLITSKO-DALMATINSKA
657;OSNOVNA ŠKOLA ZMIJAVCI;SPLITSKO-DALMATINSKA
658;OSNOVNA ŠKOLA TUČEPI;SPLITSKO-DALMATINSKA
659;OSNOVNA ŠKOLA - SCUOLA ELEMENTARE MATE BALOTE BUJE - BUIE;ISTARSKA
660;TALIJANSKA OSNOVNA ŠKOLA, SCUOLA ELEMENTARE ITALIANA EDMONDO DE AMICIS BUJE, BUIE;ISTARSKA
661;OSNOVNA ŠKOLA VAZMOSLAV GRŽALJA;ISTARSKA
662;OSNOVNA ŠKOLA MATIJE VLAČIĆA;ISTARSKA
663;OSNOVNA ŠKOLA IVO LOLA RIBAR LABIN;ISTARSKA
664;OSNOVNA ŠKOLA VLADIMIRA NAZORA PAZIN;ISTARSKA
665;OSNOVNA ŠKOLA POREČ;ISTARSKA
666;OSNOVNA ŠKOLA TAR - VABRIGA - SCUOLA ELEMENTARE TORRE - ABREGA;ISTARSKA
667;TALIJANSKA OSNOVNA ŠKOLA - SCUOLA ELEMENTARE ITALIANA BERNARDO PARENTIN POREČ - PARENZO;ISTARSKA
668;OSNOVNA ŠKOLA ŠIJANA PULA;ISTARSKA
669;OSNOVNA ŠKOLA STOJA;ISTARSKA
670;OSNOVNA ŠKOLA CENTAR;ISTARSKA
671;OSNOVNA ŠKOLA-SCUOLA ELEMENTARE GIUSEPPINA MARTINUZZI PULA-POLA;ISTARSKA
672;OSNOVNA ŠKOLA TONE PERUŠKA PULA;ISTARSKA
673;OSNOVNA ŠKOLA KAŠTANJER PULA;ISTARSKA
674;OSNOVNA ŠKOLA VIDIKOVAC;ISTARSKA
675;OSNOVNA ŠKOLA MONTE ZARO;ISTARSKA
676;OSNOVNA ŠKOLA VERUDA PULA;ISTARSKA
677;OSNOVNA ŠKOLA VELI VRH PULA;ISTARSKA
678;PRVA PRIVATNA OSNOVNA ŠKOLA JURAJ DOBRILA S PRAVOM JAVNOSTI;ISTARSKA
679;GLAZBENA ŠKOLA IVANA MATETIĆA - RONJGOVA PULA;ISTARSKA
680;TALIJANSKA OSNOVNA ŠKOLA BERNARDO BENUSSI ROVINJ;ISTARSKA
681;OSNOVNA ŠKOLA VLADIMIRA NAZORA - SCUOLA ELEMENTARE VLADIMIR NAZOR;ISTARSKA
682;OSNOVNA ŠKOLA JURJA DOBRILE ROVINJ;ISTARSKA
683;OSNOVNA ŠKOLA JURE FILIPOVIĆA BARBAN;ISTARSKA
684;OSNOVNA ŠKOLA PETRA STUDENCA KANFANAR;ISTARSKA
685;OSNOVNA ŠKOLA IVAN GORAN KOVAČIĆ ČEPIĆ;ISTARSKA
686;OSNOVNA ŠKOLA VLADIMIRA NAZORA;ISTARSKA
687;OSNOVNA ŠKOLA IVANA BATELIĆA - RAŠA;ISTARSKA
688;OSNOVNA ŠKOLA JOAKIMA RAKOVCA;ISTARSKA
689;OSNOVNA ŠKOLA MARČANA;ISTARSKA
690;OSNOVNA ŠKOLA VLADIMIRA NAZORA - KRNICA;ISTARSKA
691;OSNOVNA ŠKOLA DIVŠIĆI;ISTARSKA
692;OSNOVNA ŠKOLA DR MATE DEMARINA;ISTARSKA
693;OSNOVNA ŠKOLA VITOMIR ŠIROLA - PAJO;ISTARSKA
694;OSNOVNA ŠKOLA - SCUOLA ELEMENTARE RIVARELA;ISTARSKA
695;TALIJANSKA OSNOVNA ŠKOLA NOVIGRAD - SCUOLA ELEMENTARE ITALIANA CITTANOVA;ISTARSKA
696;OSNOVNA ŠKOLA - SCUOLA ELEMENTARE MILANA ŠORGA OPRTALJ - PORTOLE;ISTARSKA
697;OSNOVNA ŠKOLA SVETVINČENAT;ISTARSKA
698;OSNOVNA ŠKOLA JURŠIĆI;ISTARSKA
699;OSNOVNA ŠKOLA MARIJE I LINE;ISTARSKA
700;TALIJANSKA OSNOVNA ŠKOLA GALILEO GALILEI;ISTARSKA
701;OSNOVNA ŠKOLA JOŽE ŠURANA VIŠNJAN;ISTARSKA
702;OSNOVNA ŠKOLA VODNJAN - SCUOLA ELEMENTARE DIGNANO;ISTARSKA
703;OSNOVNA ŠKOLA FAŽANA;ISTARSKA
704;OSNOVNA ŠKOLA VLADIMIRA NAZORA;ISTARSKA
705;OSNOVNA ŠKOLA VLADIMIRA GORTANA;ISTARSKA
706;OSNOVNA ŠKOLA MARINA GETALDIĆA;DUBROVAČKO-NERETVANSKA
707;OSNOVNA ŠKOLA LAPAD;DUBROVAČKO-NERETVANSKA
708;OSNOVNA ŠKOLA MARINA DRŽIĆA;DUBROVAČKO-NERETVANSKA
709;OSNOVNA ŠKOLA IVANA GUNDULIĆA;DUBROVAČKO-NERETVANSKA
710;OSNOVNA ŠKOLA ANTUNA MASLE - ORAŠAC;DUBROVAČKO-NERETVANSKA
711;OSNOVNA ŠKOLA MOKOŠICA, DUBROVNIK;DUBROVAČKO-NERETVANSKA
712;UMJETNIČKA ŠKOLA LUKE SORKOČEVIĆA DUBROVNIK;DUBROVAČKO-NERETVANSKA
713;OSNOVNA ŠKOLA PETRA KANAVELIĆA;DUBROVAČKO-NERETVANSKA
714;OSNOVNA ŠKOLA ANTE CURAĆ-PINJAC;DUBROVAČKO-NERETVANSKA
715;OSNOVNA ŠKOLA BRAĆA GLUMAC;DUBROVAČKO-NERETVANSKA
716;OSNOVNA ŠKOLA STJEPANA RADIĆA;DUBROVAČKO-NERETVANSKA
717;OSNOVNA ŠKOLA DON MIHOVILA PAVLINOVIĆA;DUBROVAČKO-NERETVANSKA
718;OSNOVNA ŠKOLA VLADIMIR NAZOR;DUBROVAČKO-NERETVANSKA
719;OSNOVNA ŠKOLA FRA ANTE GNJEČA;DUBROVAČKO-NERETVANSKA
720;OSNOVNA ŠKOLA IVO DUGANDŽIĆ-MIŠIĆ;DUBROVAČKO-NERETVANSKA
721;OSNOVNA ŠKOLA CAVTAT;DUBROVAČKO-NERETVANSKA
722;OSNOVNA ŠKOLA GRUDA;DUBROVAČKO-NERETVANSKA
723;OSNOVNA ŠKOLA STON;DUBROVAČKO-NERETVANSKA
724;OSNOVNA ŠKOLA JANJINA;DUBROVAČKO-NERETVANSKA
725;OSNOVNA ŠKOLA OREBIĆ;DUBROVAČKO-NERETVANSKA
726;OSNOVNA ŠKOLA KUNA;DUBROVAČKO-NERETVANSKA
727;OSNOVNA ŠKOLA MLJET;DUBROVAČKO-NERETVANSKA
728;OSNOVNA ŠKOLA BLATO;DUBROVAČKO-NERETVANSKA
729;OSNOVNA ŠKOLA OPUZEN;DUBROVAČKO-NERETVANSKA
730;OSNOVNA ŠKOLA KULA NORINSKA;DUBROVAČKO-NERETVANSKA
731;OSNOVNA ŠKOLA OTRIĆI-DUBRAVE;DUBROVAČKO-NERETVANSKA
732;OSNOVNA ŠKOLA VELA LUKA;DUBROVAČKO-NERETVANSKA
733;OSNOVNA ŠKOLA SMOKVICA;DUBROVAČKO-NERETVANSKA
734;OSNOVNA ŠKOLA SLANO;DUBROVAČKO-NERETVANSKA
735;OSNOVNA ŠKOLA PRIMORJE;DUBROVAČKO-NERETVANSKA
736;OSNOVNA ŠKOLA TRPANJ;DUBROVAČKO-NERETVANSKA
737;OSNOVNA ŠKOLA ŽUPA DUBROVAČKA;DUBROVAČKO-NERETVANSKA
738;I. OSNOVNA ŠKOLA ČAKOVEC;MEĐIMURSKA
739;II. OSNOVNA ŠKOLA ČAKOVEC;MEĐIMURSKA
740;III. OSNOVNA ŠKOLA ČAKOVEC;MEĐIMURSKA
741;OSNOVNA ŠKOLA VLADIMIRA NAZORA;MEĐIMURSKA
742;CENTAR ZA ODGOJ I OBRAZOVANJE ČAKOVEC;MEĐIMURSKA
743;OSNOVNA ŠKOLA IVANOVEC;MEĐIMURSKA
744;OSNOVNA ŠKOLA KURŠANEC;MEĐIMURSKA
745;OSNOVNA ŠKOLA DR. VINKA ŽGANCA VRATIŠINEC;MEĐIMURSKA
746;OSNOVNA ŠKOLA BELICA;MEĐIMURSKA
747;OSNOVNA ŠKOLA DONJA DUBRAVA;MEĐIMURSKA
748;OSNOVNA ŠKOLA HODOŠAN;MEĐIMURSKA
749;OSNOVNA ŠKOLA GORIČAN;MEĐIMURSKA
750;OSNOVNA ŠKOLA TOMAŠA GORIČANCA MALA SUBOTICA;MEĐIMURSKA
751;OSNOVNA ŠKOLA OREHOVICA;MEĐIMURSKA
752;OSNOVNA ŠKOLA MURSKO SREDIŠĆE;MEĐIMURSKA
753;OSNOVNA ŠKOLA NEDELIŠĆE;MEĐIMURSKA
754;OSNOVNA ŠKOLA DR. IVANA NOVAKA MACINEC;MEĐIMURSKA
755;OSNOVNA ŠKOLA PODTUREN;MEĐIMURSKA
756;OSNOVNA ŠKOLA PRELOG;MEĐIMURSKA
757;OSNOVNA ŠKOLA DONJI KRALJEVEC;MEĐIMURSKA
758;OSNOVNA ŠKOLA DRAŠKOVEC;MEĐIMURSKA
759;OSNOVNA ŠKOLA IVANA GORANA KOVAČIĆA SVETI JURAJ NA BREGU;MEĐIMURSKA
760;OSNOVNA ŠKOLA SVETI MARTIN NA MURI;MEĐIMURSKA
761;OSNOVNA ŠKOLA SELNICA;MEĐIMURSKA
762;OSNOVNA ŠKOLA ŠTRIGOVA;MEĐIMURSKA
763;OSNOVNA ŠKOLA DOMAŠINEC;MEĐIMURSKA
764;OSNOVNA ŠKOLA JOŽE HORVATA KOTORIBA;MEĐIMURSKA
765;OSNOVNA ŠKOLA GORNJI MIHALJEVEC;MEĐIMURSKA
766;OSNOVNA ŠKOLA STRAHONINEC;MEĐIMURSKA
767;OSNOVNA ŠKOLA SVETA MARIJA;MEĐIMURSKA
768;OSNOVNA ŠKOLA PETAR ZRINSKI ŠENKOVEC;MEĐIMURSKA
769;OSNOVNA ŠKOLA IVANA GUNDULIĆA;GRAD ZAGREB
770;OSNOVNA ŠKOLA JABUKOVAC - ZAGREB;GRAD ZAGREB
771;OSNOVNA ŠKOLA MIROSLAVA KRLEŽE;GRAD ZAGREB
772;OSNOVNA ŠKOLA ŠESTINE;GRAD ZAGREB
773;OSNOVNA ŠKOLA PANTOVČAK;GRAD ZAGREB
774;OSNOVNA ŠKOLA IZIDORA KRŠNJAVOGA;GRAD ZAGREB
775;OSNOVNA ŠKOLA KSAVERA ŠANDORA GJALSKOG;GRAD ZAGREB
776;OSNOVNA ŠKOLA JOSIPA JURJA STROSSMAYERA;GRAD ZAGREB
777;OSNOVNA ŠKOLA OTONA IVEKOVIĆA;GRAD ZAGREB
778;OSNOVNA ŠKOLA KUSTOŠIJA;GRAD ZAGREB
779;OSNOVNA ŠKOLA IVANA CANKARA;GRAD ZAGREB
780;OSNOVNA ŠKOLA MEDVEDGRAD;GRAD ZAGREB
781;OSNOVNA ŠKOLA PAVLEKA MIŠKINE;GRAD ZAGREB
782;OSNOVNA ŠKOLA PETRA ZRINSKOG;GRAD ZAGREB
783;OSNOVNA ŠKOLA ANTUNA MIHANOVIĆA;GRAD ZAGREB
784;OSNOVNA ŠKOLA RETKOVEC;GRAD ZAGREB
785;OSNOVNA ŠKOLA ŽUTI BRIJEG;GRAD ZAGREB
786;OSNOVNA ŠKOLA DR. ANTE STARČEVIĆA;GRAD ZAGREB
787;OSNOVNA ŠKOLA GRANEŠINA;GRAD ZAGREB
788;OSNOVNA ŠKOLA IVANA MAŽURANIĆA;GRAD ZAGREB
789;OSNOVNA ŠKOLA MATE LOVRAKA;GRAD ZAGREB
790;OSNOVNA ŠKOLA MARIJE JURIĆ ZAGORKE;GRAD ZAGREB
791;OSNOVNA ŠKOLA ČUČERJE;GRAD ZAGREB
792;OSNOVNA ŠKOLA VJENCESLAVA NOVAKA;GRAD ZAGREB
793;OSNOVNA ŠKOLA ANTUNA BRANKA ŠIMIĆA;GRAD ZAGREB
794;OSNOVNA ŠKOLA VLADIMIRA NAZORA;GRAD ZAGREB
795;OSNOVNA ŠKOLA ANTUNA GUSTAVA MATOŠA;GRAD ZAGREB
796;OSNOVNA ŠKOLA AUGUSTA HARAMBAŠIĆA;GRAD ZAGREB
797;OSNOVNA ŠKOLA IVANA FILIPOVIĆA;GRAD ZAGREB
798;OSNOVNA ŠKOLA MARKUŠEVEC;GRAD ZAGREB
799;OSNOVNA ŠKOLA JORDANOVAC;GRAD ZAGREB
800;OSNOVNA ŠKOLA BUKOVAC;GRAD ZAGREB
801;OSNOVNA ŠKOLA GRAČANI;GRAD ZAGREB
802;OSNOVNA ŠKOLA IVANA GORANA KOVAČIĆA;GRAD ZAGREB
803;OSNOVNA ŠKOLA MATKA LAGINJE;GRAD ZAGREB
804;OSNOVNA ŠKOLA DR. IVAN MERZ;GRAD ZAGREB
805;OSNOVNA ŠKOLA SILVIJA STRAHIMIRA KRANJČEVIĆA;GRAD ZAGREB
806;OSNOVNA ŠKOLA AUGUSTA CESARCA;GRAD ZAGREB
807;OSNOVNA ŠKOLA DOBRIŠE CESARIĆA;GRAD ZAGREB
808;OSNOVNA ŠKOLA ŽITNJAK;GRAD ZAGREB
809;OSNOVNA ŠKOLA FRANA KRSTE FRANKOPANA;GRAD ZAGREB
810;OSNOVNA ŠKOLA LOVRE PL. MATAČIĆA;GRAD ZAGREB
811;OSNOVNA ŠKOLA PETRA PRERADOVIĆA;GRAD ZAGREB
812;OSNOVNA ŠKOLA DR. VINKA ŽGANCA;GRAD ZAGREB
813;OSNOVNA ŠKOLA DRAGUTINA KUŠLANA;GRAD ZAGREB
814;OSNOVNA ŠKOLA VUKOMEREC;GRAD ZAGREB
815;OSNOVNA ŠKOLA STENJEVEC;GRAD ZAGREB
816;OSNOVNA ŠKOLA ANTE KOVAČIĆA;GRAD ZAGREB
817;OSNOVNA ŠKOLA DRAGUTINA DOMJANIĆA;GRAD ZAGREB
818;OSNOVNA ŠKOLA DRAGUTINA TADIJANOVIĆA;GRAD ZAGREB
819;OSNOVNA ŠKOLA BANA JOSIPA JELAČIĆA;GRAD ZAGREB
820;OSNOVNA ŠKOLA GROFA JANKA DRAŠKOVIĆA;GRAD ZAGREB
821;OSNOVNA ŠKOLA TITUŠA BREZOVAČKOG;GRAD ZAGREB
822;OSNOVNA ŠKOLA GORNJE VRAPČE;GRAD ZAGREB
823;OSNOVNA ŠKOLA MALEŠNICA;GRAD ZAGREB
824;OSNOVNA ŠKOLA AUGUSTA ŠENOE;GRAD ZAGREB
825;OSNOVNA ŠKOLA HORVATI;GRAD ZAGREB
826;OSNOVNA ŠKOLA KRALJA TOMISLAVA;GRAD ZAGREB
827;OSNOVNA ŠKOLA IVANA MEŠTROVIĆA;GRAD ZAGREB
828;OSNOVNA ŠKOLA JOSIPA RAČIĆA;GRAD ZAGREB
829;OSNOVNA ŠKOLA JULIJA KLOVIĆA;GRAD ZAGREB
830;OSNOVNA ŠKOLA PREČKO;GRAD ZAGREB
831;OSNOVNA ŠKOLA MATIJE GUPCA;GRAD ZAGREB
832;OSNOVNA ŠKOLA RUDEŠ;GRAD ZAGREB
833;OSNOVNA ŠKOLA VOLTINO;GRAD ZAGREB
834;OSNOVNA ŠKOLA NIKOLE TESLE;GRAD ZAGREB
835;OSNOVNA ŠKOLA LJUBLJANICA ZAGREB;GRAD ZAGREB
836;OSNOVNA ŠKOLA ALOJZIJA STEPINCA;GRAD ZAGREB
837;OSNOVNA ŠKOLA VRBANI;GRAD ZAGREB
838;OSNOVNA ŠKOLA CVJETNO NASELJE;GRAD ZAGREB
839;OSNOVNA ŠKOLA JURE KAŠTELANA;GRAD ZAGREB
840;OSNOVNA ŠKOLA GRIGORA VITEZA;GRAD ZAGREB
841;OSNOVNA ŠKOLA TINA UJEVIĆA;GRAD ZAGREB
842;OSNOVNA ŠKOLA RAPSKA;GRAD ZAGREB
843;OSNOVNA ŠKOLA MARINA DRŽIĆA;GRAD ZAGREB
844;OSNOVNA ŠKOLA DAVORINA TRSTENJAKA;GRAD ZAGREB
845;OSNOVNA ŠKOLA TRNJANSKA;GRAD ZAGREB
846;OSNOVNA ŠKOLA SAVSKI GAJ;GRAD ZAGREB
847;OSNOVNA ŠKOLA BRAĆE RADIĆ;GRAD ZAGREB
848;OSNOVNA ŠKOLA BREZOVICA;GRAD ZAGREB
849;OSNOVNA ŠKOLA LUČKO;GRAD ZAGREB
850;OSNOVNA ŠKOLA GUSTAVA KRKLECA;GRAD ZAGREB
851;OSNOVNA ŠKOLA IVE ANDRIĆA;GRAD ZAGREB
852;I. OSNOVNA ŠKOLA DUGAVE;GRAD ZAGREB
853;OSNOVNA ŠKOLA ZAPRUĐE;GRAD ZAGREB
854;OSNOVNA ŠKOLA TRNSKO;GRAD ZAGREB
855;OSNOVNA ŠKOLA SVETA KLARA;GRAD ZAGREB
856;OSNOVNA ŠKOLA MLADOST;GRAD ZAGREB
857;OSNOVNA ŠKOLA STJEPANA BENCEKOVIĆA;GRAD ZAGREB
858;OSNOVNA ŠKOLA ODRA;GRAD ZAGREB
859;OSNOVNA ŠKOLA VEĆESLAVA HOLJEVCA;GRAD ZAGREB
860;OSNOVNA ŠKOLA OTOK;GRAD ZAGREB
861;OSNOVNA ŠKOLA FRANA GALOVIĆA;GRAD ZAGREB
862;PRVA KATOLIČKA OSNOVNA ŠKOLA U GRADU ZAGREBU;GRAD ZAGREB
863;OSNOVNA ŠKOLA VUGROVEC-KAŠINA;GRAD ZAGREB
864;OSNOVNA ŠKOLA IVANA GRANĐE;GRAD ZAGREB
865;OSNOVNA ŠKOLA SESVETE;GRAD ZAGREB
866;OSNOVNA ŠKOLA SESVETSKI KRALJEVEC;GRAD ZAGREB
867;CENTAR ZA ODGOJ I OBRAZOVANJE GOLJAK;GRAD ZAGREB
868;CENTAR ZA AUTIZAM;GRAD ZAGREB
869;OSNOVNA ŠKOLA NAD LIPOM;GRAD ZAGREB
870;POLIKLINIKA ZA REHABILITACIJU SLUŠANJA I GOVORA SUVAG;GRAD ZAGREB
871;OSNOVNA ŠKOLA BRESTJE;GRAD ZAGREB
872;OSNOVNA ŠKOLA BOROVJE;GRAD ZAGREB
873;OSNOVNA ŠKOLA REMETE;GRAD ZAGREB
874;OSNOVNA ŠKOLA ŠPANSKO ORANICE;GRAD ZAGREB
875;OSNOVNA ŠKOLA SESVETSKA SELA;GRAD ZAGREB
876;OSNOVNA ŠKOLA SESVETSKA SOPNICA;GRAD ZAGREB
877;OSNOVNA ŠKOLA LUKA;GRAD ZAGREB
878;OSNOVNA ŠKOLA BARTOLA KAŠIĆA;GRAD ZAGREB
879;OSNOVNA MONTESSORI ŠKOLA BARUNICE DEDEE VRANYCZANY;GRAD ZAGREB
880;CENTAR ZA ODGOJ I OBRAZOVANJE DUBRAVA;GRAD ZAGREB
881;OSNOVNA ŠKOLA LAUDER-HUGO KON;GRAD ZAGREB
882;OSNOVNA ŠKOLA KREATIVAN RAZVOJ S PRAVOM JAVNOSTI;GRAD ZAGREB
883;OSNOVNA ŠKOLA JELKOVEC;GRAD ZAGREB
884;ŠKOLA SUVREMENOG PLESA ANE MALETIĆ;GRAD ZAGREB
885;GLAZBENA ŠKOLA BLAGOJA BERSE;GRAD ZAGREB
