Bedekovčina,49221
Belec,49254
Brestovec Orehovički,49228
Budinšćina,49284
Desinić,49216
Donja Stubica,49240
Đurmanec,49225
Gornja Stubica,49245
Gornje Jesenje,49233
Hraščina-Trgovišće,49283
Hum na Sutli,49231
Klanjec,49290
Konjščina,49282
Kraljevec na Sutli,49294
Krapina,49000
Krapinske Toplice,49217
Kumrovec,49295
Lepajci,49224
Lobor,49253
Mače,49251
Marija Bistrica,49246
Mihovljan,49252
Novi Golubovec,49255
Oroslavje,49243
Petrovsko,49234
Poznanovec,49222
Pregrada,49218
Radoboj,49232
Stubičke Toplice,49244
Sveti Križ Začretje,49223
Tuhelj,49215
Veliko Trgovišće,49214
Zabok,49210
Zagorska Sela,49296
Zlatar,49250
Zlatar Bistrica,49247