BJELOVARSKO-BILOGORSKA,Berek,43232
BJELOVARSKO-BILOGORSKA,Bjelovar,43000
BJELOVARSKO-BILOGORSKA,Bulinac,43273
BJELOVARSKO-BILOGORSKA,Čazma,43240
BJELOVARSKO-BILOGORSKA,Daruvar,43500
BJELOVARSKO-BILOGORSKA,Dežanovac,43506
BJELOVARSKO-BILOGORSKA,Đulovac,43532
BJELOVARSKO-BILOGORSKA,Garešnica,43280
BJELOVARSKO-BILOGORSKA,Grubišno Polje,43290
BJELOVARSKO-BILOGORSKA,Gudovac,43251
BJELOVARSKO-BILOGORSKA,Hercegovac,43284
BJELOVARSKO-BILOGORSKA,Ivanska,43231
BJELOVARSKO-BILOGORSKA,Kaniška Iva,43283
BJELOVARSKO-BILOGORSKA,Kapela,43203
BJELOVARSKO-BILOGORSKA,Končanica (Končenice),43505
BJELOVARSKO-BILOGORSKA,Narta,43247
BJELOVARSKO-BILOGORSKA,Nova Rača,43272
BJELOVARSKO-BILOGORSKA,Predava,43211
BJELOVARSKO-BILOGORSKA,Prgomelje,43252
BJELOVARSKO-BILOGORSKA,Rovišće,43212
BJELOVARSKO-BILOGORSKA,Severin,43274
BJELOVARSKO-BILOGORSKA,Sirač,43541
BJELOVARSKO-BILOGORSKA,Šandrovac,43227
BJELOVARSKO-BILOGORSKA,Štefanje,43246
BJELOVARSKO-BILOGORSKA,Trnovitički Popovac,43233
BJELOVARSKO-BILOGORSKA,Uljanik,43507
BJELOVARSKO-BILOGORSKA,Veliki Bastaji,43531
BJELOVARSKO-BILOGORSKA,Veliki Grđevac,43270
BJELOVARSKO-BILOGORSKA,Veliki Zdenci,43293
BJELOVARSKO-BILOGORSKA,Veliko Trojstvo,43226
BJELOVARSKO-BILOGORSKA,Veliko Vukovje,43282
BJELOVARSKO-BILOGORSKA,Zrinski Topolovac,43202
BRODSKO-POSAVSKA,Bebrina,35254
BRODSKO-POSAVSKA,Bukovlje,35209
BRODSKO-POSAVSKA,Cernik,35404
BRODSKO-POSAVSKA,Donji Andrijevci,35214
BRODSKO-POSAVSKA,Dragalić,35428
BRODSKO-POSAVSKA,Nova Kapela,35410
BRODSKO-POSAVSKA,Okučani,35430
BRODSKO-POSAVSKA,Oriovac,35250
BRODSKO-POSAVSKA,Podcrkavlje,35201
BRODSKO-POSAVSKA,Podvinje,35107
BRODSKO-POSAVSKA,Sibinj,35252
BRODSKO-POSAVSKA,Slavonski Brod,35106
BRODSKO-POSAVSKA,Slavonski Brod,35105
BRODSKO-POSAVSKA,Zapolje,35422
DUBROVAČKO-NERETVANSKA,Babino Polje,20225
DUBROVAČKO-NERETVANSKA,Blace,20357
DUBROVAČKO-NERETVANSKA,Blato,20271
DUBROVAČKO-NERETVANSKA,Cavtat,20210
DUBROVAČKO-NERETVANSKA,Čara,20273
DUBROVAČKO-NERETVANSKA,Čilipi,20213
DUBROVAČKO-NERETVANSKA,Doli,20231
DUBROVAČKO-NERETVANSKA,Dubravka,20216
DUBROVAČKO-NERETVANSKA,Dubrovnik,20000
DUBROVAČKO-NERETVANSKA,Goveđari,20226
DUBROVAČKO-NERETVANSKA,Gruda,20215
DUBROVAČKO-NERETVANSKA,Janjina,20246
DUBROVAČKO-NERETVANSKA,Klek,20356
DUBROVAČKO-NERETVANSKA,Koločep,20221
DUBROVAČKO-NERETVANSKA,Komin (Dalma),20344
DUBROVAČKO-NERETVANSKA,Korčula,20260
DUBROVAČKO-NERETVANSKA,Kućište,20267
DUBROVAČKO-NERETVANSKA,Kula Norinska,20341
DUBROVAČKO-NERETVANSKA,Kuna,20243
DUBROVAČKO-NERETVANSKA,Lastovo,20290
DUBROVAČKO-NERETVANSKA,Lopud,20222
DUBROVAČKO-NERETVANSKA,Lovište,20269
DUBROVAČKO-NERETVANSKA,Lumbarda,20263
DUBROVAČKO-NERETVANSKA,Maranovići,20224
DUBROVAČKO-NERETVANSKA,Metković,20350
DUBROVAČKO-NERETVANSKA,Mlini,20207
DUBROVAČKO-NERETVANSKA,Mlinište,20353
DUBROVAČKO-NERETVANSKA,Mokošica,20236
DUBROVAČKO-NERETVANSKA,Nova Sela,20278
DUBROVAČKO-NERETVANSKA,Opuzen,20355
DUBROVAČKO-NERETVANSKA,Orašac,20234
DUBROVAČKO-NERETVANSKA,Orebić,20250
DUBROVAČKO-NERETVANSKA,Oskorušno,20242
DUBROVAČKO-NERETVANSKA,Otrić Seoci,20342
DUBROVAČKO-NERETVANSKA,Ploče,20340
DUBROVAČKO-NERETVANSKA,Pločice,20218
DUBROVAČKO-NERETVANSKA,Potomje,20244
DUBROVAČKO-NERETVANSKA,Pridvorje,20217
DUBROVAČKO-NERETVANSKA,Pupnat,20274
DUBROVAČKO-NERETVANSKA,Putniković,20248
DUBROVAČKO-NERETVANSKA,Račišće,20264
DUBROVAČKO-NERETVANSKA,Rogotin,20343
DUBROVAČKO-NERETVANSKA,Slano,20232
DUBROVAČKO-NERETVANSKA,Smokvica,20272
DUBROVAČKO-NERETVANSKA,Staševica,20345
DUBROVAČKO-NERETVANSKA,Ston,20230
DUBROVAČKO-NERETVANSKA,Šipanjska Luka,20223
DUBROVAČKO-NERETVANSKA,Topolo,20205
DUBROVAČKO-NERETVANSKA,Trpanj,20240
DUBROVAČKO-NERETVANSKA,Trstenik,20245
DUBROVAČKO-NERETVANSKA,Trsteno,20233
DUBROVAČKO-NERETVANSKA,Vela Luka,20270
DUBROVAČKO-NERETVANSKA,Vid,20352
DUBROVAČKO-NERETVANSKA,Zaton Veliki,20235
DUBROVAČKO-NERETVANSKA,Žrnovo,20275
DUBROVAČKO-NERETVANSKA,Žuljana,20247
GRAD ZAGREB,Belovar,10363
GRAD ZAGREB,Brezovica,10257
GRAD ZAGREB,Donji Dragonožec,10253
GRAD ZAGREB,Hrvatski Leskovac,10251
GRAD ZAGREB,Ivanja Reka,10373
GRAD ZAGREB,Kašina,10362
GRAD ZAGREB,Lučko,10250
GRAD ZAGREB,Sesvete,10360
GRAD ZAGREB,Sesvete-Kraljevec,10361
GRAD ZAGREB,Zagreb,10000
GRAD ZAGREB,Zagreb,10110
GRAD ZAGREB,Zagreb-Dubrava,10040
GRAD ZAGREB,Zagreb-Novi Zagreb,10020
GRAD ZAGREB,Zagreb-Sloboština,10010
GRAD ZAGREB,Zagreb-Susedgrad,10090
GRAD ZAGREB,Zaprešić,10290
ISTARSKA,Baderna,52445
ISTARSKA,Bale (Valle),52211
ISTARSKA,Barban,52207
ISTARSKA,Boljun,52434
ISTARSKA,Brtonigla (Verteneglio),52474
ISTARSKA,Buje (Buie),52460
ISTARSKA,Buzet,52420
ISTARSKA,Cerovlje,52402
ISTARSKA,Červar Porat,52449
ISTARSKA,Fažana (Fasana),52212
ISTARSKA,Funtana (Fontane),52452
ISTARSKA,Galižana (Gallesano),52216
ISTARSKA,Gračišće,52403
ISTARSKA,Grožnjan (Grisignana),52429
ISTARSKA,Kanfanar,52352
ISTARSKA,Karojba,52423
ISTARSKA,Kaštelir (Castelliere),52464
ISTARSKA,Koromačno,52222
ISTARSKA,Krnica,52208
ISTARSKA,Kršan,52232
ISTARSKA,Labin,52220
ISTARSKA,Lanišće,52422
ISTARSKA,Livade (Levade),52427
ISTARSKA,Ližnjan (Lisignano),52204
ISTARSKA,Lupoglav,52426
ISTARSKA,Marčana,52206
ISTARSKA,Medulin,52203
ISTARSKA,Momjan (Momiano),52462
ISTARSKA,Motovun (Montana),52424
ISTARSKA,Nedešćina,52231
ISTARSKA,Nova Vas,52446
ISTARSKA,Novigrad (Cittanova),52466
ISTARSKA,Oprtalj (Portole),52428
ISTARSKA,Pazin,52000
ISTARSKA,Pićan,52332
ISTARSKA,Plomin,52234
ISTARSKA,Podpićan,52333
ISTARSKA,Poreč (Parenzo),52440
ISTARSKA,Pula (Pola),52100
ISTARSKA,Rabac,52221
ISTARSKA,Raša,52223
ISTARSKA,Roč,52425
ISTARSKA,Rovinj (Rovigno),52210
ISTARSKA,Savudrija (Salvore),52475
ISTARSKA,Sveti Lovreč,52448
ISTARSKA,Sveti Petar u šumi,52404
ISTARSKA,Svetvinčenat,52342
ISTARSKA,Šušnjevica,52233
ISTARSKA,Tar (Torre),52465
ISTARSKA,Tinjan,52444
ISTARSKA,Trget,52224
ISTARSKA,Umag (Umago),52470
ISTARSKA,Višnjan (Visignano),52463
ISTARSKA,Vižinada (Visinada),52447
ISTARSKA,Vodnjan (Dignano),52215
ISTARSKA,Vrsar (Orsera),52450
ISTARSKA,Žminj,52341
KARLOVAČKA,Barilović,47252
KARLOVAČKA,Bosiljevo,47251
KARLOVAČKA,Cerovac Vukmanički,47241
KARLOVAČKA,Cetingrad,47222
KARLOVAČKA,Draganići,47201
KARLOVAČKA,Drežnica,47313
KARLOVAČKA,Drežnik Grad,47246
KARLOVAČKA,Duga Resa,47250
KARLOVAČKA,Generalski Stol,47262
KARLOVAČKA,Gornje Zagorje,47307
KARLOVAČKA,Jasenak,47314
KARLOVAČKA,Josipdol,47303
KARLOVAČKA,Kamanje,47282
KARLOVAČKA,Karlovac,47000
KARLOVAČKA,Kašt,47284
KARLOVAČKA,Krnjak,47242
KARLOVAČKA,Lasinja,47206
KARLOVAČKA,Mahično,47286
KARLOVAČKA,Mali Erjavec,47281
KARLOVAČKA,Netretić,47271
KARLOVAČKA,Ogulin,47300
KARLOVAČKA,Oštarije,47302
KARLOVAČKA,Ozalj,47280
KARLOVAČKA,Plaški,47304
KARLOVAČKA,Radatovići,47285
KARLOVAČKA,Rakovica,47245
KARLOVAČKA,Rečica,47203
KARLOVAČKA,Ribnik,47272
KARLOVAČKA,Saborsko,47306
KARLOVAČKA,Skakavac,47212
KARLOVAČKA,Slunj,47240
KARLOVAČKA,Šišljavić,47204
KARLOVAČKA,Tounj,47264
KARLOVAČKA,Vivodina,47283
KARLOVAČKA,Vojnić,47220
KARLOVAČKA,Zvečaj,47261
KARLOVAČKA,Žakanje,47276
KOPRIVNIČKO-KRIŽEVAČKA,Drnje,48322
KOPRIVNIČKO-KRIŽEVAČKA,Đelekovec,48316
KOPRIVNIČKO-KRIŽEVAČKA,Đurđevac,48350
KOPRIVNIČKO-KRIŽEVAČKA,Ferdinandovac,48356
KOPRIVNIČKO-KRIŽEVAČKA,Gola,48331
KOPRIVNIČKO-KRIŽEVAČKA,Gornja Rijeka,48268
KOPRIVNIČKO-KRIŽEVAČKA,Hlebine,48323
KOPRIVNIČKO-KRIŽEVAČKA,Kalinovac,48361
KOPRIVNIČKO-KRIŽEVAČKA,Kalnik,48269
KOPRIVNIČKO-KRIŽEVAČKA,Kloštar Podravski,48362
KOPRIVNIČKO-KRIŽEVAČKA,Kloštar Vojakovački,48264
KOPRIVNIČKO-KRIŽEVAČKA,Koprivnica,48000
KOPRIVNIČKO-KRIŽEVAČKA,Koprivnički Ivanec,48314
KOPRIVNIČKO-KRIŽEVAČKA,Križevci,48260
KOPRIVNIČKO-KRIŽEVAČKA,Kunovec,48311
KOPRIVNIČKO-KRIŽEVAČKA,Legrad,48317
KOPRIVNIČKO-KRIŽEVAČKA,Molve,48327
KOPRIVNIČKO-KRIŽEVAČKA,Novigrad Podravski,48325
KOPRIVNIČKO-KRIŽEVAČKA,Novo Virje,48355
KOPRIVNIČKO-KRIŽEVAČKA,Orehovec,48267
KOPRIVNIČKO-KRIŽEVAČKA,Peteranec,48321
KOPRIVNIČKO-KRIŽEVAČKA,Podravske Sesvete,48363
KOPRIVNIČKO-KRIŽEVAČKA,Rasinja,48312
KOPRIVNIČKO-KRIŽEVAČKA,Raven,48265
KOPRIVNIČKO-KRIŽEVAČKA,Sokolovac,48306
KOPRIVNIČKO-KRIŽEVAČKA,Sveti Ivan Žabno,48214
KOPRIVNIČKO-KRIŽEVAČKA,Virje,48326
KOPRIVNIČKO-KRIŽEVAČKA,Ždala,48332
KRAPINSKO-ZAGORSKA,Bedekovčina,49221
KRAPINSKO-ZAGORSKA,Belec,49254
KRAPINSKO-ZAGORSKA,Brestovec Orehovički,49228
KRAPINSKO-ZAGORSKA,Budinšćina,49284
KRAPINSKO-ZAGORSKA,Desinić,49216
KRAPINSKO-ZAGORSKA,Donja Stubica,49240
KRAPINSKO-ZAGORSKA,Đurmanec,49225
KRAPINSKO-ZAGORSKA,Gornja Stubica,49245
KRAPINSKO-ZAGORSKA,Gornje Jesenje,49233
KRAPINSKO-ZAGORSKA,Hraščina-Trgovišće,49283
KRAPINSKO-ZAGORSKA,Hum na Sutli,49231
KRAPINSKO-ZAGORSKA,Klanjec,49290
KRAPINSKO-ZAGORSKA,Konjščina,49282
KRAPINSKO-ZAGORSKA,Kraljevec na Sutli,49294
KRAPINSKO-ZAGORSKA,Krapina,49000
KRAPINSKO-ZAGORSKA,Krapinske Toplice,49217
KRAPINSKO-ZAGORSKA,Kumrovec,49295
KRAPINSKO-ZAGORSKA,Lepajci,49224
KRAPINSKO-ZAGORSKA,Lobor,49253
KRAPINSKO-ZAGORSKA,Mače,49251
KRAPINSKO-ZAGORSKA,Marija Bistrica,49246
KRAPINSKO-ZAGORSKA,Mihovljan,49252
KRAPINSKO-ZAGORSKA,Novi Golubovec,49255
KRAPINSKO-ZAGORSKA,Oroslavje,49243
KRAPINSKO-ZAGORSKA,Petrovsko,49234
KRAPINSKO-ZAGORSKA,Poznanovec,49222
KRAPINSKO-ZAGORSKA,Pregrada,49218
KRAPINSKO-ZAGORSKA,Radoboj,49232
KRAPINSKO-ZAGORSKA,Stubičke Toplice,49244
KRAPINSKO-ZAGORSKA,Sveti Križ Začretje,49223
KRAPINSKO-ZAGORSKA,Tuhelj,49215
KRAPINSKO-ZAGORSKA,Veliko Trgovišće,49214
KRAPINSKO-ZAGORSKA,Zabok,49210
KRAPINSKO-ZAGORSKA,Zagorska Sela,49296
KRAPINSKO-ZAGORSKA,Zlatar,49250
KRAPINSKO-ZAGORSKA,Zlatar Bistrica,49247
LIČKO-SENJSKA,Brinje,53260
LIČKO-SENJSKA,Brušane,53206
LIČKO-SENJSKA,Donje Pazarište,53213
LIČKO-SENJSKA,Donji Lapac,53250
LIČKO-SENJSKA,Gospić,53000
LIČKO-SENJSKA,Jablanac,53287
LIČKO-SENJSKA,Jezerane,53262
LIČKO-SENJSKA,Karlobag,53288
LIČKO-SENJSKA,Klanac,53212
LIČKO-SENJSKA,Korenica,53230
LIČKO-SENJSKA,Kosinj,53203
LIČKO-SENJSKA,Krasno,53274
LIČKO-SENJSKA,Krivi Put,53271
LIČKO-SENJSKA,Križpolje,53261
LIČKO-SENJSKA,Lički Osik,53201
LIČKO-SENJSKA,Ličko Lešće,53224
LIČKO-SENJSKA,Ličko Petrovo Selo,53233
LIČKO-SENJSKA,Lovinac,53244
LIČKO-SENJSKA,Lukovo Šugarje,53289
LIČKO-SENJSKA,Lun,53294
LIČKO-SENJSKA,Novalja,53291
LIČKO-SENJSKA,Otočac,53220
LIČKO-SENJSKA,Perušić,53202
LIČKO-SENJSKA,Plitvička Jezera,53231
LIČKO-SENJSKA,Podlapača,53236
LIČKO-SENJSKA,Senj,53270
LIČKO-SENJSKA,Smiljan,53211
LIČKO-SENJSKA,Sveti Juraj,53284
LIČKO-SENJSKA,Udbina,53234
LIČKO-SENJSKA,Vratnik,53273
LIČKO-SENJSKA,Vrhovine,53223
LIČKO-SENJSKA,Zubovići,53296
MEĐIMURSKA,Belica,40319
MEĐIMURSKA,Čakovec,40000
MEĐIMURSKA,Dekanovec,40318
MEĐIMURSKA,Donja Dubrava,40328
MEĐIMURSKA,Donji Kraljevec,40320
MEĐIMURSKA,Donji Vidovec,40327
MEĐIMURSKA,Draškovec,40325
MEĐIMURSKA,Goričan,40324
MEĐIMURSKA,Kotoriba,40329
MEĐIMURSKA,Lopatinec,40311
MEĐIMURSKA,Macinec,40306
MEĐIMURSKA,Mala Subotica,40321
MEĐIMURSKA,Mursko Središče,40315
MEĐIMURSKA,Nedelišće,40305
MEĐIMURSKA,Orehovica,40322
MEĐIMURSKA,Podturen,40317
MEĐIMURSKA,Prelog,40323
MEĐIMURSKA,Selnica,40314
MEĐIMURSKA,Sveta Marija,40326
MEĐIMURSKA,Sveti Martin na Muri,40313
MEĐIMURSKA,Štrigova,40312
OSJEČKO-BARANJSKA,Belišće,31551
OSJEČKO-BARANJSKA,Bilje,31327
OSJEČKO-BARANJSKA,Bračevci,31423
OSJEČKO-BARANJSKA,Budimci,31432
OSJEČKO-BARANJSKA,Čepin,31431
OSJEČKO-BARANJSKA,Črnkovci,31553
OSJEČKO-BARANJSKA,Darda,31326
OSJEČKO-BARANJSKA,Donja Motičina,31513
OSJEČKO-BARANJSKA,Donji Miholjac,31540
OSJEČKO-BARANJSKA,Drenje,31418
OSJEČKO-BARANJSKA,Đakovo,31400
OSJEČKO-BARANJSKA,Đurđenovac,31511
OSJEČKO-BARANJSKA,Feričanci,31512
OSJEČKO-BARANJSKA,Gat,31554
OSJEČKO-BARANJSKA,Gorjani,31422
OSJEČKO-BARANJSKA,Levanjska Varoš,31416
OSJEČKO-BARANJSKA,Lug (Laskó),31328
OSJEČKO-BARANJSKA,Magadenovac,31542
OSJEČKO-BARANJSKA,Marijanci,31555
OSJEČKO-BARANJSKA,Miholjački Poreč,31543
OSJEČKO-BARANJSKA,Našice,31500
OSJEČKO-BARANJSKA,Piškorevci,31417
OSJEČKO-BARANJSKA,Podgajci Podravski,31552
OSJEČKO-BARANJSKA,Podgorač,31433
OSJEČKO-BARANJSKA,Podravska Moslavina,31530
OSJEČKO-BARANJSKA,Punitovci,31424
OSJEČKO-BARANJSKA,Satnica Đakovačka,31421
OSJEČKO-BARANJSKA,Selci Đakovački,31415
OSJEČKO-BARANJSKA,Semeljci,31402
OSJEČKO-BARANJSKA,Strizivojna,31410
OSJEČKO-BARANJSKA,Trnava,31411
OSJEČKO-BARANJSKA,Valpovo,31550
OSJEČKO-BARANJSKA,Viljevo,31531
OSJEČKO-BARANJSKA,Viškovci,31401
OSJEČKO-BARANJSKA,Vladislavci,31404
OSJEČKO-BARANJSKA,Vuka,31403
POŽEŠKO-SLAVONSKA,Badljevina,34552
POŽEŠKO-SLAVONSKA,Bektež,34343
POŽEŠKO-SLAVONSKA,Brestovac,34322
POŽEŠKO-SLAVONSKA,Bučje,34553
POŽEŠKO-SLAVONSKA,Čaglin,34350
POŽEŠKO-SLAVONSKA,Jakšić,34308
POŽEŠKO-SLAVONSKA,Kaptol,34334
POŽEŠKO-SLAVONSKA,Kutjevo,34340
POŽEŠKO-SLAVONSKA,Kuzmica,34311
POŽEŠKO-SLAVONSKA,Lipik,34551
POŽEŠKO-SLAVONSKA,Pakrac,34550
POŽEŠKO-SLAVONSKA,Pleternica,34310
POŽEŠKO-SLAVONSKA,Poljana,34543
POŽEŠKO-SLAVONSKA,Požega,34000
POŽEŠKO-SLAVONSKA,Ratkovica,34315
POŽEŠKO-SLAVONSKA,Sesvete (kod Požege),34312
POŽEŠKO-SLAVONSKA,Velika,34330
POŽEŠKO-SLAVONSKA,Vetovo,34335
PRIMORSKO-GORANSKA,Čabar,51306
PRIMORSKO-GORANSKA,Ćunski,51564
PRIMORSKO-GORANSKA,Delnice,51300
PRIMORSKO-GORANSKA,Dobrinj,51514
PRIMORSKO-GORANSKA,Draga Bašćanska,51522
PRIMORSKO-GORANSKA,Dramalj,51265
PRIMORSKO-GORANSKA,Dražice,51218
PRIMORSKO-GORANSKA,Drivenik,51242
PRIMORSKO-GORANSKA,Fužine,51322
PRIMORSKO-GORANSKA,Gerovo,51304
PRIMORSKO-GORANSKA,Gomirje,51327
PRIMORSKO-GORANSKA,Grižane,51244
PRIMORSKO-GORANSKA,Hreljin,51226
PRIMORSKO-GORANSKA,Ičići,51414
PRIMORSKO-GORANSKA,Ilovik,51552
PRIMORSKO-GORANSKA,Jadranovo,51264
PRIMORSKO-GORANSKA,Jurdani,51213
PRIMORSKO-GORANSKA,Kastav,51215
PRIMORSKO-GORANSKA,Klana,51217
PRIMORSKO-GORANSKA,Klenovica,51252
PRIMORSKO-GORANSKA,Kornić,51517
PRIMORSKO-GORANSKA,Kostrena,51221
PRIMORSKO-GORANSKA,Kraljevica,51262
PRIMORSKO-GORANSKA,Krasica,51224
PRIMORSKO-GORANSKA,Križišće,51241
PRIMORSKO-GORANSKA,Krk,51500
PRIMORSKO-GORANSKA,Kukuljanovo,51227
PRIMORSKO-GORANSKA,Kupjak,51313
PRIMORSKO-GORANSKA,Kuželj,51302
PRIMORSKO-GORANSKA,Ledenice,51251
PRIMORSKO-GORANSKA,Lič,51323
PRIMORSKO-GORANSKA,Lokve,51316
PRIMORSKO-GORANSKA,Lopar,51281
PRIMORSKO-GORANSKA,Lovran,51415
PRIMORSKO-GORANSKA,Lukovdol,51328
PRIMORSKO-GORANSKA,Mali Lošinj,51550
PRIMORSKO-GORANSKA,Malinska,51511
PRIMORSKO-GORANSKA,Martinšćica,51556
PRIMORSKO-GORANSKA,Matulji,51211
PRIMORSKO-GORANSKA,Moravice,51325
PRIMORSKO-GORANSKA,Mošćenička Draga,51417
PRIMORSKO-GORANSKA,Mrkopalj,51315
PRIMORSKO-GORANSKA,Nerezine,51554
PRIMORSKO-GORANSKA,Njivice,51512
PRIMORSKO-GORANSKA,Novi Vinodolski,51250
PRIMORSKO-GORANSKA,Omišalj,51513
PRIMORSKO-GORANSKA,Opatija,51410
PRIMORSKO-GORANSKA,Plešce,51303
PRIMORSKO-GORANSKA,Praputnjak,51225
PRIMORSKO-GORANSKA,Prezid,51307
PRIMORSKO-GORANSKA,Punat,51521
PRIMORSKO-GORANSKA,Rab,51280
PRIMORSKO-GORANSKA,Ravna Gora,51314
PRIMORSKO-GORANSKA,Rijeka,51000
PRIMORSKO-GORANSKA,Selce,51266
PRIMORSKO-GORANSKA,Severin na Kupi,51329
PRIMORSKO-GORANSKA,Skrad,51311
PRIMORSKO-GORANSKA,Susak,51561
PRIMORSKO-GORANSKA,Šapjane,51214
PRIMORSKO-GORANSKA,Šilo,51515
PRIMORSKO-GORANSKA,Škrljevo,51223
PRIMORSKO-GORANSKA,Šmrika,51263
PRIMORSKO-GORANSKA,Tribalj,51243
PRIMORSKO-GORANSKA,Tršće,51305
PRIMORSKO-GORANSKA,Unije,51562
PRIMORSKO-GORANSKA,Vele Mune,51212
PRIMORSKO-GORANSKA,Veli Lošinj,51551
PRIMORSKO-GORANSKA,Viškovo,51216
PRIMORSKO-GORANSKA,Vrbnik,51516
PRIMORSKO-GORANSKA,Vrbovsko,51326
PRIMORSKO-GORANSKA,Zlobin,51324
SISAČKO-MOSLAVAČKA,Banova Jaruga,44321
SISAČKO-MOSLAVAČKA,Blinjski Kut,44211
SISAČKO-MOSLAVAČKA,Divuša,44435
SISAČKO-MOSLAVAČKA,Donji Kukuruzari,44431
SISAČKO-MOSLAVAČKA,Dvor,44440
SISAČKO-MOSLAVAČKA,Glina,44400
SISAČKO-MOSLAVAČKA,Gušće,44203
SISAČKO-MOSLAVAČKA,Gvozd,44410
SISAČKO-MOSLAVAČKA,Hrvatska Dubica,44450
SISAČKO-MOSLAVAČKA,Hrvatska Kostajnica,44430
SISAČKO-MOSLAVAČKA,Jabukovac,44204
SISAČKO-MOSLAVAČKA,Jasenovac,44324
SISAČKO-MOSLAVAČKA,Krapje,44325
SISAČKO-MOSLAVAČKA,Kratečko,44213
SISAČKO-MOSLAVAČKA,Kutina,44320
SISAČKO-MOSLAVAČKA,Lekenik,44272
SISAČKO-MOSLAVAČKA,Lipovljani,44322
SISAČKO-MOSLAVAČKA,Martinska Ves,44201
SISAČKO-MOSLAVAČKA,Mošćenica,44253
SISAČKO-MOSLAVAČKA,Novska,44330
SISAČKO-MOSLAVAČKA,Petrinja,44250
SISAČKO-MOSLAVAČKA,Popovača,44317
SISAČKO-MOSLAVAČKA,Rajić,44323
SISAČKO-MOSLAVAČKA,Sela,44273
SISAČKO-MOSLAVAČKA,Sisak,44000
SISAČKO-MOSLAVAČKA,Sisak-Caprag,44010
SISAČKO-MOSLAVAČKA,Sunja,44210
SISAČKO-MOSLAVAČKA,Topolovac,44202
SISAČKO-MOSLAVAČKA,Topusko,44415
SISAČKO-MOSLAVAČKA,Velika Ludina,44316
SISAČKO-MOSLAVAČKA,Voloder,44318
SPLITSKO-DALMATINSKA,Aržano,21246
SPLITSKO-DALMATINSKA,Baška Voda,21320
SPLITSKO-DALMATINSKA,Blato na Cetini,21254
SPLITSKO-DALMATINSKA,Blizna Donja,21228
SPLITSKO-DALMATINSKA,Bol,21420
SPLITSKO-DALMATINSKA,Brela,21322
SPLITSKO-DALMATINSKA,Brusje,21454
SPLITSKO-DALMATINSKA,Cista Provo,21256
SPLITSKO-DALMATINSKA,Cista Velika,21244
SPLITSKO-DALMATINSKA,Crivac,21229
SPLITSKO-DALMATINSKA,Dicmo,21232
SPLITSKO-DALMATINSKA,Donje Ogorje,21206
SPLITSKO-DALMATINSKA,Donji Dolac,21205
SPLITSKO-DALMATINSKA,Donji Muć,21203
SPLITSKO-DALMATINSKA,Donji Proložac,21264
SPLITSKO-DALMATINSKA,Dragljane,21275
SPLITSKO-DALMATINSKA,Drašnice,21328
SPLITSKO-DALMATINSKA,Drvenik,21333
SPLITSKO-DALMATINSKA,Drvenik Veliki,21225
SPLITSKO-DALMATINSKA,Dugi Rat,21315
SPLITSKO-DALMATINSKA,Dugopolje,21204
SPLITSKO-DALMATINSKA,Gata,21253
SPLITSKO-DALMATINSKA,Gdinj,21467
SPLITSKO-DALMATINSKA,Grab,21242
SPLITSKO-DALMATINSKA,Grabovac,21271
SPLITSKO-DALMATINSKA,Gradac,21330
SPLITSKO-DALMATINSKA,Grohote,21430
SPLITSKO-DALMATINSKA,Hrvace,21233
SPLITSKO-DALMATINSKA,Hvar,21450
SPLITSKO-DALMATINSKA,Igrane,21329
SPLITSKO-DALMATINSKA,Imotski,21260
SPLITSKO-DALMATINSKA,Jelsa,21465
SPLITSKO-DALMATINSKA,Jesenice,21314
SPLITSKO-DALMATINSKA,Kamenmost,21262
SPLITSKO-DALMATINSKA,Kaštel Gomilica,21213
SPLITSKO-DALMATINSKA,Kaštel Kambelovac,21214
SPLITSKO-DALMATINSKA,Kaštel Lukšić,21215
SPLITSKO-DALMATINSKA,Kaštel Stari,21216
SPLITSKO-DALMATINSKA,Kaštel Sućurac,21212
SPLITSKO-DALMATINSKA,Kaštel Štafilić,21217
SPLITSKO-DALMATINSKA,Klis,21231
SPLITSKO-DALMATINSKA,Komiža,21485
SPLITSKO-DALMATINSKA,Kostanje,21207
SPLITSKO-DALMATINSKA,Krivodol,21263
SPLITSKO-DALMATINSKA,Kučiće,21208
SPLITSKO-DALMATINSKA,Lećevica,21202
SPLITSKO-DALMATINSKA,Lokva Rogoznica,21317
SPLITSKO-DALMATINSKA,Lovreć,21257
SPLITSKO-DALMATINSKA,Ložišća,21404
SPLITSKO-DALMATINSKA,Makarska,21300
SPLITSKO-DALMATINSKA,Marina,21222
SPLITSKO-DALMATINSKA,Milna,21405
SPLITSKO-DALMATINSKA,Mimice,21318
SPLITSKO-DALMATINSKA,Mravince,21209
SPLITSKO-DALMATINSKA,Neorić,21247
SPLITSKO-DALMATINSKA,Nerežišća,21423
SPLITSKO-DALMATINSKA,Obrovac Sinjski,21241
SPLITSKO-DALMATINSKA,Okrug Gornji,21223
SPLITSKO-DALMATINSKA,Omiš,21310
SPLITSKO-DALMATINSKA,Otok (Dalmacija),21238
SPLITSKO-DALMATINSKA,Podaca,21335
SPLITSKO-DALMATINSKA,Podgora,21327
SPLITSKO-DALMATINSKA,Podstrana,21312
SPLITSKO-DALMATINSKA,Podšpilje,21483
SPLITSKO-DALMATINSKA,Postira,21410
SPLITSKO-DALMATINSKA,Povlja,21413
SPLITSKO-DALMATINSKA,Pražnica,21424
SPLITSKO-DALMATINSKA,Prgomet,21201
SPLITSKO-DALMATINSKA,Primorski Dolac,21227
SPLITSKO-DALMATINSKA,Promajna,21323
SPLITSKO-DALMATINSKA,Pučišća,21412
SPLITSKO-DALMATINSKA,Ričice,21267
SPLITSKO-DALMATINSKA,Runović,21261
SPLITSKO-DALMATINSKA,Selca,21425
SPLITSKO-DALMATINSKA,Sinj,21230
SPLITSKO-DALMATINSKA,Slatine,21224
SPLITSKO-DALMATINSKA,Slivno,21272
SPLITSKO-DALMATINSKA,Solin,21210
SPLITSKO-DALMATINSKA,Split,21000
SPLITSKO-DALMATINSKA,Srinjine,21292
SPLITSKO-DALMATINSKA,Stari Grad,21460
SPLITSKO-DALMATINSKA,Stobreč,21311
SPLITSKO-DALMATINSKA,Stomorska,21432
SPLITSKO-DALMATINSKA,Studenci,21265
SPLITSKO-DALMATINSKA,Sućuraj,21469
SPLITSKO-DALMATINSKA,Supetar,21400
SPLITSKO-DALMATINSKA,Sutivan,21403
SPLITSKO-DALMATINSKA,Šestanovac,21250
SPLITSKO-DALMATINSKA,Tijarica,21245
SPLITSKO-DALMATINSKA,Trilj,21240
SPLITSKO-DALMATINSKA,Trogir,21220
SPLITSKO-DALMATINSKA,Tučepi,21325
SPLITSKO-DALMATINSKA,Tugare,21252
SPLITSKO-DALMATINSKA,Ugljane,21243
SPLITSKO-DALMATINSKA,Veliki Prolog,21277
SPLITSKO-DALMATINSKA,Vinišće,21226
SPLITSKO-DALMATINSKA,Vis,21480
SPLITSKO-DALMATINSKA,Vrbanj,21462
SPLITSKO-DALMATINSKA,Vrboska,21463
SPLITSKO-DALMATINSKA,Vrgorac,21276
SPLITSKO-DALMATINSKA,Vrlika,21236
SPLITSKO-DALMATINSKA,Zadvarje,21255
SPLITSKO-DALMATINSKA,Zagvozd,21270
SPLITSKO-DALMATINSKA,Zaostrog,21334
SPLITSKO-DALMATINSKA,Zastražišće,21466
SPLITSKO-DALMATINSKA,Zmijavci,21266
SPLITSKO-DALMATINSKA,Žrnovnica,21251
SPLITSKO-DALMATINSKA,Župa,21273
ŠIBENSKO-KNINSKA,Betina,22244
ŠIBENSKO-KNINSKA,Boraja,22206
ŠIBENSKO-KNINSKA,Čista Velika,22214
ŠIBENSKO-KNINSKA,Drinovci,22324
ŠIBENSKO-KNINSKA,Drniš,22320
ŠIBENSKO-KNINSKA,Golubić,22301
ŠIBENSKO-KNINSKA,Jezera,22242
ŠIBENSKO-KNINSKA,Kaprije,22235
ŠIBENSKO-KNINSKA,Kijevo,22310
ŠIBENSKO-KNINSKA,Kistanje,22305
ŠIBENSKO-KNINSKA,Knin,22300
ŠIBENSKO-KNINSKA,Lozovac,22221
ŠIBENSKO-KNINSKA,Murter,22243
ŠIBENSKO-KNINSKA,Oklaj,22303
ŠIBENSKO-KNINSKA,Perković,22205
ŠIBENSKO-KNINSKA,Pirovac,22213
ŠIBENSKO-KNINSKA,Primošten,22202
ŠIBENSKO-KNINSKA,Prvić Luka,22233
ŠIBENSKO-KNINSKA,Prvić Šepurine,22234
ŠIBENSKO-KNINSKA,Rogoznica,22203
ŠIBENSKO-KNINSKA,Ružić,22322
ŠIBENSKO-KNINSKA,Siverić,22321
ŠIBENSKO-KNINSKA,Skradin,22222
ŠIBENSKO-KNINSKA,Šibenik,22000
ŠIBENSKO-KNINSKA,Šibenik-Zablaće,22030
ŠIBENSKO-KNINSKA,Široke,22204
ŠIBENSKO-KNINSKA,Tisno,22240
ŠIBENSKO-KNINSKA,Tribunj,22212
ŠIBENSKO-KNINSKA,Unešić,22323
ŠIBENSKO-KNINSKA,Vodice,22211
ŠIBENSKO-KNINSKA,Zaton,22215
ŠIBENSKO-KNINSKA,Zlarin,22232
ŠIBENSKO-KNINSKA,Žirje,22236
VARAŽDINSKA,Bednja,42253
VARAŽDINSKA,Beretinec,42201
VARAŽDINSKA,Breznički Hum,42225
VARAŽDINSKA,Cestica,42208
VARAŽDINSKA,Donja Višnjica,42255
VARAŽDINSKA,Donja Voća,42245
VARAŽDINSKA,Donji Martijanec,42232
VARAŽDINSKA,Ivanec,42240
VARAŽDINSKA,Jalžabet,42203
VARAŽDINSKA,Klenovnik,42244
VARAŽDINSKA,Lepoglava,42250
VARAŽDINSKA,Ljubeščica,42222
VARAŽDINSKA,Ludbreg,42230
VARAŽDINSKA,Mali Bukovec,42231
VARAŽDINSKA,Maruševec,42243
VARAŽDINSKA,Novi Marof,42220
VARAŽDINSKA,Petrijanec,42206
VARAŽDINSKA,Radovan,42242
VARAŽDINSKA,Sračinec,42209
VARAŽDINSKA,Sveti Đurđ,42233
VARAŽDINSKA,Sveti Ilija,42214
VARAŽDINSKA,Trakošćan,42254
VARAŽDINSKA,Trnovec Bartolovečki,42202
VARAŽDINSKA,Turčin,42204
VARAŽDINSKA,Varaždin,42000
VARAŽDINSKA,Varaždinske Toplice,42223
VARAŽDINSKA,Vidovec,42205
VARAŽDINSKA,Vinica,42207
VIROVITIČKO-PODRAVSKA,Cabuna,33412
VIROVITIČKO-PODRAVSKA,Crnac,33507
VIROVITIČKO-PODRAVSKA,Čačinci,33514
VIROVITIČKO-PODRAVSKA,Čađavica,33523
VIROVITIČKO-PODRAVSKA,Gornje Bazje,33407
VIROVITIČKO-PODRAVSKA,Gradina,33411
VIROVITIČKO-PODRAVSKA,Lukač,33406
VIROVITIČKO-PODRAVSKA,Mikleuš,33517
VIROVITIČKO-PODRAVSKA,Nova Bukovica,33518
VIROVITIČKO-PODRAVSKA,Orahovica,33515
VIROVITIČKO-PODRAVSKA,Pitomača,33405
VIROVITIČKO-PODRAVSKA,Pivnica Slavonska,33533
VIROVITIČKO-PODRAVSKA,Slatina,33520
VIROVITIČKO-PODRAVSKA,Sopje,33525
VIROVITIČKO-PODRAVSKA,Suhopolje,33410
VIROVITIČKO-PODRAVSKA,Špišić Bukovica,33404
VIROVITIČKO-PODRAVSKA,Virovitica,33000
VIROVITIČKO-PODRAVSKA,Voćin,33522
VIROVITIČKO-PODRAVSKA,Zdenci,33513
VUKOVARSKO-SRIJEMSKA,Babina Greda,32276
VUKOVARSKO-SRIJEMSKA,Banovci,32247
VUKOVARSKO-SRIJEMSKA,Bapska,32235
VUKOVARSKO-SRIJEMSKA,Bobota,32225
VUKOVARSKO-SRIJEMSKA,Borovo,32227
VUKOVARSKO-SRIJEMSKA,Bošnjaci,32275
VUKOVARSKO-SRIJEMSKA,Bršadin,32222
VUKOVARSKO-SRIJEMSKA,Cerna,32272
VUKOVARSKO-SRIJEMSKA,Čakovci,32238
VUKOVARSKO-SRIJEMSKA,Drenovci,32257
VUKOVARSKO-SRIJEMSKA,Đeletovci,32244
VUKOVARSKO-SRIJEMSKA,Đurići,32263
VUKOVARSKO-SRIJEMSKA,Gaboš,32212
VUKOVARSKO-SRIJEMSKA,Gradište,32273
VUKOVARSKO-SRIJEMSKA,Gunja,32260
VUKOVARSKO-SRIJEMSKA,Ilača,32248
VUKOVARSKO-SRIJEMSKA,Ilok,32236
VUKOVARSKO-SRIJEMSKA,Ivankovo,32281
VUKOVARSKO-SRIJEMSKA,Jarmina,32280
VUKOVARSKO-SRIJEMSKA,Komletinci,32253
VUKOVARSKO-SRIJEMSKA,Lipovac,32246
VUKOVARSKO-SRIJEMSKA,Lovas,32237
VUKOVARSKO-SRIJEMSKA,Markušica,32213
VUKOVARSKO-SRIJEMSKA,Negoslavci,32239
VUKOVARSKO-SRIJEMSKA,Nijemci,32245
VUKOVARSKO-SRIJEMSKA,Nuštar,32221
VUKOVARSKO-SRIJEMSKA,Opatovac,32233
VUKOVARSKO-SRIJEMSKA,Orolik,32243
VUKOVARSKO-SRIJEMSKA,Ostrovo,32211
VUKOVARSKO-SRIJEMSKA,Otok,32252
VUKOVARSKO-SRIJEMSKA,Petrovci,32229
VUKOVARSKO-SRIJEMSKA,Posavski Podgajci,32258
VUKOVARSKO-SRIJEMSKA,Privlaka,32251
VUKOVARSKO-SRIJEMSKA,Račinovci,32262
VUKOVARSKO-SRIJEMSKA,Rajevo Selo,32261
VUKOVARSKO-SRIJEMSKA,Retkovci,32282
VUKOVARSKO-SRIJEMSKA,Rokovci Andrijaševci,32271
VUKOVARSKO-SRIJEMSKA,Slakovci,32242
VUKOVARSKO-SRIJEMSKA,Soljani,32255
VUKOVARSKO-SRIJEMSKA,Sotin,32232
VUKOVARSKO-SRIJEMSKA,Stari Jankovci,32241
VUKOVARSKO-SRIJEMSKA,Stari Mikanovci,32284
VUKOVARSKO-SRIJEMSKA,Strošinci,32256
VUKOVARSKO-SRIJEMSKA,Šarengrad,32234
VUKOVARSKO-SRIJEMSKA,Štitar,32274
VUKOVARSKO-SRIJEMSKA,Tordinci,32214
VUKOVARSKO-SRIJEMSKA,Tovarnik,32249
VUKOVARSKO-SRIJEMSKA,Trpinja,32224
VUKOVARSKO-SRIJEMSKA,Vinkovci,32100
VUKOVARSKO-SRIJEMSKA,Vođinci,32283
VUKOVARSKO-SRIJEMSKA,Vrbanja,32254
VUKOVARSKO-SRIJEMSKA,Vukovar,32000
VUKOVARSKO-SRIJEMSKA,Vukovar,32010
VUKOVARSKO-SRIJEMSKA,Županja,32270
ZADARSKA,Benkovac,23420
ZADARSKA,Bibinje,23205
ZADARSKA,Biograd na moru,23210
ZADARSKA,Božava,23286
ZADARSKA,Brbinj,23285
ZADARSKA,Gračac,23440
ZADARSKA,Ist,23293
ZADARSKA,Jasenice,23243
ZADARSKA,Kali,23272
ZADARSKA,Karin,23452
ZADARSKA,Kolan,23251
ZADARSKA,Kukljica,23271
ZADARSKA,Lukoran,23274
ZADARSKA,Molat,23292
ZADARSKA,Neviđane,23264
ZADARSKA,Nin,23232
ZADARSKA,Novigrad (Dalmacija),23312
ZADARSKA,Obrovac,23450
ZADARSKA,Olib,23296
ZADARSKA,Pag,23250
ZADARSKA,Pakoštane,23211
ZADARSKA,Pašman,23262
ZADARSKA,Petrčane,23231
ZADARSKA,Polača,23423
ZADARSKA,Poličnik,23241
ZADARSKA,Posedarje,23242
ZADARSKA,Povljana,23249
ZADARSKA,Preko,23273
ZADARSKA,Premuda,23294
ZADARSKA,Pridraga,23226
ZADARSKA,Privlaka (Dalmacija),23233
ZADARSKA,Rava,23283
ZADARSKA,Ražanac,23248
ZADARSKA,Sali,23281
ZADARSKA,Sestrunj,23291
ZADARSKA,Silba,23295
ZADARSKA,Srb,23445
ZADARSKA,Stankovci,23422
ZADARSKA,Starigrad Paklenica,23244
ZADARSKA,Sukošan,23206
ZADARSKA,Sveti Filip i Jakov,23207
ZADARSKA,Škabrnja,23223
ZADARSKA,Tkon,23212
ZADARSKA,Tribanj,23245
ZADARSKA,Ugljan,23275
ZADARSKA,Veli Iž,23284
ZADARSKA,Veli Rat,23287
ZADARSKA,Vinjerac,23247
ZADARSKA,Vir,23234
ZADARSKA,Vrsi,23235
ZADARSKA,Zadar,23000
ZADARSKA,Zemunik,23222
ZADARSKA,Ždrelac,23263
ZADARSKA,Žman,23282
ZAGREBAČKA,Bedenica,10381
ZAGREBAČKA,Bestovje,10437
ZAGREBAČKA,Bregana,10432
ZAGREBAČKA,Buševec,10417
ZAGREBAČKA,Donja Bistra,10298
ZAGREBAČKA,Donja Lomnica,10412
ZAGREBAČKA,Donja Pušća,10294
ZAGREBAČKA,Donja Zelina,10382
ZAGREBAČKA,Dubranec,10418
ZAGREBAČKA,Dubrava,10342
ZAGREBAČKA,Dubravica,10293
ZAGREBAČKA,Dugo Selo,10370
ZAGREBAČKA,Farkaševac,10344
ZAGREBAČKA,Gorica Svetojanska,10453
ZAGREBAČKA,Gornji Stupnik,10255
ZAGREBAČKA,Graberje Ivaničko,10313
ZAGREBAČKA,Gradec,10345
ZAGREBAČKA,Ivanić-Grad,10310
ZAGREBAČKA,Jakovlje,10297
ZAGREBAČKA,Jastrebarsko,10450
ZAGREBAČKA,Kalje,10456
ZAGREBAČKA,Kloštar Ivanić,10312
ZAGREBAČKA,Komin,10383
ZAGREBAČKA,Kostanjevac,10455
ZAGREBAČKA,Krašić,10454
ZAGREBAČKA,Kravarsko,10413
ZAGREBAČKA,Križ,10314
ZAGREBAČKA,Kupljenovo,10295
ZAGREBAČKA,Lijevi Dubrovčak,10316
ZAGREBAČKA,Lonjica,10341
ZAGREBAČKA,Luka,10296
ZAGREBAČKA,Marija Gorica,10299
ZAGREBAČKA,Nova Kapela,10343
ZAGREBAČKA,Novo Čiče,10415
ZAGREBAČKA,Novoselec,10315
ZAGREBAČKA,Oborovo,10372
ZAGREBAČKA,Orle,10411
ZAGREBAČKA,Pisarovina,10451
ZAGREBAČKA,Pokupsko,10414
ZAGREBAČKA,Posavski Bregi,10311
ZAGREBAČKA,Preseka,10346
ZAGREBAČKA,Prigorje Brdovečko,10291
ZAGREBAČKA,Rakov Potok,10436
ZAGREBAČKA,Rakovec,10347
ZAGREBAČKA,Samobor,10430
ZAGREBAČKA,Sošice,10457
ZAGREBAČKA,Strmec Samoborski,10434
ZAGREBAČKA,Sveta Nedjelja,10431
ZAGREBAČKA,Sveti Ivan Zelina,10380
ZAGREBAČKA,Sveti Martin pod Okićem,10435
ZAGREBAČKA,Šenkovec,10292
ZAGREBAČKA,Velika Gorica,10410
ZAGREBAČKA,Velika Mlaka,10408
ZAGREBAČKA,Vrbovec,10340
ZAGREBAČKA,Vukovina,10419